<?xml version="1.0" encoding="UTF-8"?><gpx creator="Wikiloc - https://www.wikiloc.com" version="1.1" xmlns="http://www.topografix.com/GPX/1/1" xmlns:xsi="http://www.w3.org/2001/XMLSchema-instance" xsi:schemaLocation="http://www.topografix.com/GPX/1/1 http://www.topografix.com/GPX/1/1/gpx.xsd"><metadata><name>Wikiloc - Lamasieh Opert از چاشم به سمت لماسیه و اوپرت</name><author><name>Ehsan Mousavi</name><link href="https://www.wikiloc.com/wikiloc/user.do?id=883982"><text>Ehsan Mousavi on Wikiloc</text></link></author><link href="https://www.wikiloc.com/hiking-trails/lamasieh-opert-z-chshm-bh-smt-lmsyh-w-wprt-52829036"><text>Lamasieh Opert از چاشم به سمت لماسیه و اوپرت on Wikiloc</text></link><time>2020-06-17T10:06:11Z</time></metadata><wpt lat="35.987833" lon="53.285106"><ele>2655.0</ele><time>2020-07-16T09:52:32.315Z</time><name>راست</name><cmt></cmt><desc></desc></wpt><wpt lat="36.006383" lon="53.295252"><ele>2674.0</ele><time>2020-07-16T09:52:32.315Z</time><name>راست1</name><cmt></cmt><desc></desc></wpt><wpt lat="36.013993" lon="53.298880"><ele>.0</ele><time>2020-07-16T07:08:31Z</time><name>شیب تند پیاده روی</name><cmt></cmt><desc></desc></wpt><wpt lat="35.893973" lon="53.257973"><ele>2144.0</ele><time>2020-07-16T09:52:32.315Z</time><name>مخابرات چاشم آلاچیق</name><cmt></cmt><desc></desc></wpt><wpt lat="36.013778" lon="53.299203"><ele>2644.0</ele><time>2020-07-16T09:52:32.315Z</time><name>پیاده شدن از خودرو</name><cmt></cmt><desc></desc></wpt><wpt lat="36.015803" lon="53.298216"><ele>.0</ele><time>2020-07-16T07:08:23Z</time><name>چشم انداز</name><cmt></cmt><desc></desc></wpt><wpt lat="35.983775" lon="53.287212"><ele>2644.0</ele><time>2020-07-16T09:52:32.315Z</time><name>کمی سنگلاخ کوتاه</name><cmt></cmt><desc></desc></wpt><wpt lat="35.978618" lon="53.286754"><ele>2670.0</ele><time>2020-07-16T09:52:32.315Z</time><name>گذر از رود کوچک</name><cmt></cmt><desc></desc></wpt><wpt lat="35.999001" lon="53.292282"><ele>2602.0</ele><time>2020-07-16T09:52:32.315Z</time><name>گذر از رود کوچک1</name><cmt></cmt><desc></desc></wpt><wpt lat="35.998247" lon="53.289681"><ele>2611.0</ele><time>2020-07-16T09:52:32.315Z</time><name>ییلاق اطاقسرا</name><cmt></cmt><desc></desc></wpt><trk><name>Lamasieh Opert از چاشم به سمت لماسیه و اوپرت</name><cmt></cmt><desc></desc><trkseg><trkpt lat="35.893939" lon="53.258044"><ele>2135.698</ele><time>2020-06-17T10:01:17Z</time></trkpt><trkpt lat="35.893969" lon="53.257986"><ele>2135.415</ele><time>2020-06-17T10:01:40Z</time></trkpt><trkpt lat="35.893959" lon="53.258044"><ele>2141.126</ele><time>2020-06-17T10:02:05Z</time></trkpt><trkpt lat="35.893906" lon="53.258080"><ele>2141.308</ele><time>2020-06-17T10:02:25Z</time></trkpt><trkpt lat="35.893953" lon="53.258098"><ele>2141.894</ele><time>2020-06-17T10:04:05Z</time></trkpt><trkpt lat="35.893983" lon="53.258151"><ele>2141.051</ele><time>2020-06-17T10:08:00Z</time></trkpt><trkpt lat="35.894005" lon="53.258203"><ele>2141.097</ele><time>2020-06-17T10:08:06Z</time></trkpt><trkpt lat="35.894037" lon="53.258149"><ele>2141.721</ele><time>2020-06-17T10:08:18Z</time></trkpt><trkpt lat="35.894062" lon="53.258078"><ele>2142.088</ele><time>2020-06-17T10:08:20Z</time></trkpt><trkpt lat="35.894089" lon="53.257988"><ele>2142.389</ele><time>2020-06-17T10:08:22Z</time></trkpt><trkpt lat="35.894117" lon="53.257889"><ele>2142.382</ele><time>2020-06-17T10:08:24Z</time></trkpt><trkpt lat="35.894151" lon="53.257786"><ele>2142.275</ele><time>2020-06-17T10:08:26Z</time></trkpt><trkpt lat="35.894158" lon="53.257709"><ele>2142.295</ele><time>2020-06-17T10:08:27Z</time></trkpt><trkpt lat="35.894180" lon="53.257658"><ele>2142.149</ele><time>2020-06-17T10:08:28Z</time></trkpt><trkpt lat="35.894204" lon="53.257595"><ele>2142.123</ele><time>2020-06-17T10:08:29Z</time></trkpt><trkpt lat="35.894220" lon="53.257535"><ele>2142.108</ele><time>2020-06-17T10:08:30Z</time></trkpt><trkpt lat="35.894243" lon="53.257477"><ele>2142.244</ele><time>2020-06-17T10:08:31Z</time></trkpt><trkpt lat="35.894246" lon="53.257406"><ele>2142.261</ele><time>2020-06-17T10:08:32Z</time></trkpt><trkpt lat="35.894282" lon="53.257341"><ele>2142.397</ele><time>2020-06-17T10:08:33Z</time></trkpt><trkpt lat="35.894315" lon="53.257280"><ele>2142.651</ele><time>2020-06-17T10:08:34Z</time></trkpt><trkpt lat="35.894336" lon="53.257221"><ele>2142.948</ele><time>2020-06-17T10:08:35Z</time></trkpt><trkpt lat="35.894381" lon="53.257172"><ele>2143.329</ele><time>2020-06-17T10:08:36Z</time></trkpt><trkpt lat="35.894434" lon="53.257152"><ele>2143.712</ele><time>2020-06-17T10:08:37Z</time></trkpt><trkpt lat="35.894469" lon="53.257073"><ele>2144.025</ele><time>2020-06-17T10:08:38Z</time></trkpt><trkpt lat="35.894512" lon="53.257024"><ele>2144.156</ele><time>2020-06-17T10:08:39Z</time></trkpt><trkpt lat="35.894559" lon="53.256973"><ele>2144.159</ele><time>2020-06-17T10:08:40Z</time></trkpt><trkpt lat="35.894611" lon="53.256926"><ele>2144.214</ele><time>2020-06-17T10:08:41Z</time></trkpt><trkpt lat="35.894702" lon="53.256895"><ele>2144.608</ele><time>2020-06-17T10:08:43Z</time></trkpt><trkpt lat="35.894756" lon="53.256873"><ele>2145.080</ele><time>2020-06-17T10:08:44Z</time></trkpt><trkpt lat="35.894822" lon="53.256862"><ele>2145.557</ele><time>2020-06-17T10:08:45Z</time></trkpt><trkpt lat="35.894883" lon="53.256857"><ele>2146.163</ele><time>2020-06-17T10:08:46Z</time></trkpt><trkpt lat="35.894931" lon="53.256869"><ele>2146.587</ele><time>2020-06-17T10:08:47Z</time></trkpt><trkpt lat="35.894994" lon="53.256854"><ele>2146.834</ele><time>2020-06-17T10:08:48Z</time></trkpt><trkpt lat="35.895053" lon="53.256859"><ele>2147.145</ele><time>2020-06-17T10:08:49Z</time></trkpt><trkpt lat="35.895115" lon="53.256846"><ele>2147.468</ele><time>2020-06-17T10:08:50Z</time></trkpt><trkpt lat="35.895172" lon="53.256843"><ele>2147.711</ele><time>2020-06-17T10:08:51Z</time></trkpt><trkpt lat="35.895224" lon="53.256860"><ele>2148.127</ele><time>2020-06-17T10:08:52Z</time></trkpt><trkpt lat="35.895284" lon="53.256863"><ele>2148.468</ele><time>2020-06-17T10:08:53Z</time></trkpt><trkpt lat="35.895362" lon="53.256872"><ele>2148.714</ele><time>2020-06-17T10:08:54Z</time></trkpt><trkpt lat="35.895415" lon="53.256873"><ele>2149.108</ele><time>2020-06-17T10:08:55Z</time></trkpt><trkpt lat="35.895470" lon="53.256879"><ele>2149.647</ele><time>2020-06-17T10:08:56Z</time></trkpt><trkpt lat="35.895530" lon="53.256884"><ele>2150.054</ele><time>2020-06-17T10:08:57Z</time></trkpt><trkpt lat="35.895579" lon="53.256893"><ele>2150.080</ele><time>2020-06-17T10:08:58Z</time></trkpt><trkpt lat="35.895638" lon="53.256902"><ele>2150.674</ele><time>2020-06-17T10:08:59Z</time></trkpt><trkpt lat="35.895708" lon="53.256904"><ele>2151.281</ele><time>2020-06-17T10:09:00Z</time></trkpt><trkpt lat="35.895764" lon="53.256920"><ele>2151.912</ele><time>2020-06-17T10:09:01Z</time></trkpt><trkpt lat="35.895833" lon="53.256927"><ele>2152.525</ele><time>2020-06-17T10:09:02Z</time></trkpt><trkpt lat="35.895903" lon="53.256933"><ele>2153.178</ele><time>2020-06-17T10:09:03Z</time></trkpt><trkpt lat="35.895969" lon="53.256935"><ele>2153.737</ele><time>2020-06-17T10:09:04Z</time></trkpt><trkpt lat="35.896030" lon="53.256936"><ele>2154.349</ele><time>2020-06-17T10:09:05Z</time></trkpt><trkpt lat="35.896096" lon="53.256933"><ele>2154.713</ele><time>2020-06-17T10:09:06Z</time></trkpt><trkpt lat="35.896160" lon="53.256927"><ele>2155.108</ele><time>2020-06-17T10:09:07Z</time></trkpt><trkpt lat="35.896223" lon="53.256934"><ele>2155.628</ele><time>2020-06-17T10:09:08Z</time></trkpt><trkpt lat="35.896281" lon="53.256958"><ele>2156.225</ele><time>2020-06-17T10:09:09Z</time></trkpt><trkpt lat="35.896337" lon="53.256964"><ele>2156.821</ele><time>2020-06-17T10:09:10Z</time></trkpt><trkpt lat="35.896391" lon="53.256971"><ele>2157.665</ele><time>2020-06-17T10:09:11Z</time></trkpt><trkpt lat="35.896448" lon="53.256986"><ele>2158.552</ele><time>2020-06-17T10:09:12Z</time></trkpt><trkpt lat="35.896493" lon="53.257007"><ele>2159.543</ele><time>2020-06-17T10:09:13Z</time></trkpt><trkpt lat="35.896548" lon="53.257023"><ele>2160.386</ele><time>2020-06-17T10:09:14Z</time></trkpt><trkpt lat="35.896610" lon="53.257013"><ele>2161.019</ele><time>2020-06-17T10:09:15Z</time></trkpt><trkpt lat="35.896671" lon="53.257022"><ele>2161.669</ele><time>2020-06-17T10:09:16Z</time></trkpt><trkpt lat="35.896718" lon="53.257031"><ele>2162.104</ele><time>2020-06-17T10:09:17Z</time></trkpt><trkpt lat="35.896771" lon="53.257044"><ele>2162.624</ele><time>2020-06-17T10:09:18Z</time></trkpt><trkpt lat="35.896864" lon="53.257049"><ele>2163.708</ele><time>2020-06-17T10:09:20Z</time></trkpt><trkpt lat="35.896947" lon="53.257034"><ele>2164.821</ele><time>2020-06-17T10:09:22Z</time></trkpt><trkpt lat="35.897010" lon="53.257028"><ele>2165.348</ele><time>2020-06-17T10:09:24Z</time></trkpt><trkpt lat="35.897073" lon="53.257033"><ele>2166.654</ele><time>2020-06-17T10:09:28Z</time></trkpt><trkpt lat="35.897144" lon="53.257049"><ele>2167.178</ele><time>2020-06-17T10:09:31Z</time></trkpt><trkpt lat="35.897202" lon="53.257069"><ele>2167.765</ele><time>2020-06-17T10:09:33Z</time></trkpt><trkpt lat="35.897267" lon="53.257079"><ele>2168.686</ele><time>2020-06-17T10:09:35Z</time></trkpt><trkpt lat="35.897328" lon="53.257083"><ele>2169.559</ele><time>2020-06-17T10:09:37Z</time></trkpt><trkpt lat="35.897384" lon="53.257087"><ele>2170.332</ele><time>2020-06-17T10:09:39Z</time></trkpt><trkpt lat="35.897435" lon="53.257085"><ele>2171.069</ele><time>2020-06-17T10:09:41Z</time></trkpt><trkpt lat="35.897483" lon="53.257087"><ele>2171.904</ele><time>2020-06-17T10:09:43Z</time></trkpt><trkpt lat="35.897535" lon="53.257088"><ele>2173.024</ele><time>2020-06-17T10:09:45Z</time></trkpt><trkpt lat="35.897583" lon="53.257083"><ele>2174.208</ele><time>2020-06-17T10:09:47Z</time></trkpt><trkpt lat="35.897640" lon="53.257074"><ele>2175.351</ele><time>2020-06-17T10:09:49Z</time></trkpt><trkpt lat="35.897703" lon="53.257059"><ele>2176.438</ele><time>2020-06-17T10:09:51Z</time></trkpt><trkpt lat="35.897770" lon="53.257046"><ele>2177.074</ele><time>2020-06-17T10:09:53Z</time></trkpt><trkpt lat="35.897841" lon="53.257042"><ele>2178.448</ele><time>2020-06-17T10:09:55Z</time></trkpt><trkpt lat="35.897909" lon="53.257048"><ele>2179.925</ele><time>2020-06-17T10:09:57Z</time></trkpt><trkpt lat="35.897977" lon="53.257059"><ele>2181.366</ele><time>2020-06-17T10:09:59Z</time></trkpt><trkpt lat="35.898044" lon="53.257069"><ele>2182.779</ele><time>2020-06-17T10:10:01Z</time></trkpt><trkpt lat="35.898099" lon="53.257075"><ele>2184.182</ele><time>2020-06-17T10:10:03Z</time></trkpt><trkpt lat="35.898156" lon="53.257058"><ele>2185.479</ele><time>2020-06-17T10:10:05Z</time></trkpt><trkpt lat="35.898190" lon="53.256989"><ele>2186.705</ele><time>2020-06-17T10:10:07Z</time></trkpt><trkpt lat="35.898195" lon="53.256907"><ele>2188.025</ele><time>2020-06-17T10:10:09Z</time></trkpt><trkpt lat="35.898191" lon="53.256823"><ele>2189.308</ele><time>2020-06-17T10:10:11Z</time></trkpt><trkpt lat="35.898178" lon="53.256736"><ele>2190.532</ele><time>2020-06-17T10:10:13Z</time></trkpt><trkpt lat="35.898187" lon="53.256673"><ele>2191.649</ele><time>2020-06-17T10:10:15Z</time></trkpt><trkpt lat="35.898236" lon="53.256631"><ele>2192.745</ele><time>2020-06-17T10:10:17Z</time></trkpt><trkpt lat="35.898296" lon="53.256648"><ele>2193.329</ele><time>2020-06-17T10:10:19Z</time></trkpt><trkpt lat="35.898344" lon="53.256706"><ele>2194.686</ele><time>2020-06-17T10:10:21Z</time></trkpt><trkpt lat="35.898378" lon="53.256773"><ele>2195.967</ele><time>2020-06-17T10:10:23Z</time></trkpt><trkpt lat="35.898402" lon="53.256823"><ele>2197.140</ele><time>2020-06-17T10:10:25Z</time></trkpt><trkpt lat="35.898452" lon="53.256835"><ele>2198.283</ele><time>2020-06-17T10:10:27Z</time></trkpt><trkpt lat="35.898496" lon="53.256801"><ele>2199.635</ele><time>2020-06-17T10:10:29Z</time></trkpt><trkpt lat="35.898534" lon="53.256729"><ele>2201.186</ele><time>2020-06-17T10:10:31Z</time></trkpt><trkpt lat="35.898559" lon="53.256631"><ele>2202.514</ele><time>2020-06-17T10:10:33Z</time></trkpt><trkpt lat="35.898584" lon="53.256537"><ele>2203.408</ele><time>2020-06-17T10:10:35Z</time></trkpt><trkpt lat="35.898612" lon="53.256446"><ele>2204.198</ele><time>2020-06-17T10:10:37Z</time></trkpt><trkpt lat="35.898656" lon="53.256362"><ele>2204.615</ele><time>2020-06-17T10:10:39Z</time></trkpt><trkpt lat="35.898716" lon="53.256286"><ele>2205.381</ele><time>2020-06-17T10:10:41Z</time></trkpt><trkpt lat="35.898784" lon="53.256232"><ele>2205.575</ele><time>2020-06-17T10:10:43Z</time></trkpt><trkpt lat="35.898844" lon="53.256193"><ele>2206.152</ele><time>2020-06-17T10:10:45Z</time></trkpt><trkpt lat="35.898894" lon="53.256155"><ele>2206.463</ele><time>2020-06-17T10:10:47Z</time></trkpt><trkpt lat="35.898936" lon="53.256103"><ele>2206.596</ele><time>2020-06-17T10:10:49Z</time></trkpt><trkpt lat="35.898971" lon="53.256038"><ele>2206.719</ele><time>2020-06-17T10:10:51Z</time></trkpt><trkpt lat="35.899004" lon="53.255968"><ele>2207.461</ele><time>2020-06-17T10:10:53Z</time></trkpt><trkpt lat="35.899041" lon="53.255912"><ele>2208.621</ele><time>2020-06-17T10:10:55Z</time></trkpt><trkpt lat="35.899086" lon="53.255857"><ele>2209.613</ele><time>2020-06-17T10:10:57Z</time></trkpt><trkpt lat="35.899120" lon="53.255798"><ele>2210.108</ele><time>2020-06-17T10:10:59Z</time></trkpt><trkpt lat="35.899130" lon="53.255742"><ele>2210.451</ele><time>2020-06-17T10:11:01Z</time></trkpt><trkpt lat="35.899118" lon="53.255685"><ele>2210.848</ele><time>2020-06-17T10:11:03Z</time></trkpt><trkpt lat="35.899080" lon="53.255614"><ele>2211.564</ele><time>2020-06-17T10:11:05Z</time></trkpt><trkpt lat="35.899041" lon="53.255529"><ele>2212.358</ele><time>2020-06-17T10:11:07Z</time></trkpt><trkpt lat="35.899027" lon="53.255441"><ele>2212.755</ele><time>2020-06-17T10:11:09Z</time></trkpt><trkpt lat="35.899049" lon="53.255354"><ele>2213.736</ele><time>2020-06-17T10:11:11Z</time></trkpt><trkpt lat="35.899100" lon="53.255275"><ele>2214.429</ele><time>2020-06-17T10:11:13Z</time></trkpt><trkpt lat="35.899162" lon="53.255210"><ele>2214.882</ele><time>2020-06-17T10:11:15Z</time></trkpt><trkpt lat="35.899224" lon="53.255152"><ele>2214.931</ele><time>2020-06-17T10:11:17Z</time></trkpt><trkpt lat="35.899268" lon="53.255078"><ele>2215.061</ele><time>2020-06-17T10:11:19Z</time></trkpt><trkpt lat="35.899282" lon="53.254995"><ele>2215.407</ele><time>2020-06-17T10:11:21Z</time></trkpt><trkpt lat="35.899274" lon="53.254908"><ele>2216.008</ele><time>2020-06-17T10:11:23Z</time></trkpt><trkpt lat="35.899274" lon="53.254833"><ele>2216.728</ele><time>2020-06-17T10:11:25Z</time></trkpt><trkpt lat="35.899308" lon="53.254776"><ele>2217.375</ele><time>2020-06-17T10:11:27Z</time></trkpt><trkpt lat="35.899377" lon="53.254764"><ele>2217.911</ele><time>2020-06-17T10:11:29Z</time></trkpt><trkpt lat="35.899417" lon="53.254821"><ele>2218.565</ele><time>2020-06-17T10:11:31Z</time></trkpt><trkpt lat="35.899428" lon="53.254901"><ele>2219.262</ele><time>2020-06-17T10:11:33Z</time></trkpt><trkpt lat="35.899428" lon="53.254979"><ele>2219.653</ele><time>2020-06-17T10:11:35Z</time></trkpt><trkpt lat="35.899421" lon="53.255061"><ele>2220.496</ele><time>2020-06-17T10:11:37Z</time></trkpt><trkpt lat="35.899414" lon="53.255135"><ele>2221.399</ele><time>2020-06-17T10:11:39Z</time></trkpt><trkpt lat="35.899399" lon="53.255227"><ele>2222.383</ele><time>2020-06-17T10:11:41Z</time></trkpt><trkpt lat="35.899390" lon="53.255296"><ele>2223.325</ele><time>2020-06-17T10:11:43Z</time></trkpt><trkpt lat="35.899396" lon="53.255359"><ele>2224.417</ele><time>2020-06-17T10:11:45Z</time></trkpt><trkpt lat="35.899423" lon="53.255424"><ele>2225.408</ele><time>2020-06-17T10:11:47Z</time></trkpt><trkpt lat="35.899468" lon="53.255482"><ele>2226.333</ele><time>2020-06-17T10:11:49Z</time></trkpt><trkpt lat="35.899522" lon="53.255527"><ele>2227.050</ele><time>2020-06-17T10:11:51Z</time></trkpt><trkpt lat="35.899574" lon="53.255578"><ele>2227.736</ele><time>2020-06-17T10:11:53Z</time></trkpt><trkpt lat="35.899619" lon="53.255633"><ele>2228.430</ele><time>2020-06-17T10:11:55Z</time></trkpt><trkpt lat="35.899664" lon="53.255691"><ele>2229.177</ele><time>2020-06-17T10:11:57Z</time></trkpt><trkpt lat="35.899708" lon="53.255749"><ele>2229.818</ele><time>2020-06-17T10:11:59Z</time></trkpt><trkpt lat="35.899743" lon="53.255818"><ele>2230.541</ele><time>2020-06-17T10:12:01Z</time></trkpt><trkpt lat="35.899770" lon="53.255900"><ele>2230.844</ele><time>2020-06-17T10:12:03Z</time></trkpt><trkpt lat="35.899796" lon="53.255966"><ele>2231.534</ele><time>2020-06-17T10:12:05Z</time></trkpt><trkpt lat="35.899821" lon="53.256049"><ele>2232.255</ele><time>2020-06-17T10:12:07Z</time></trkpt><trkpt lat="35.899855" lon="53.256125"><ele>2233.010</ele><time>2020-06-17T10:12:09Z</time></trkpt><trkpt lat="35.899886" lon="53.256208"><ele>2233.908</ele><time>2020-06-17T10:12:11Z</time></trkpt><trkpt lat="35.899911" lon="53.256280"><ele>2234.978</ele><time>2020-06-17T10:12:13Z</time></trkpt><trkpt lat="35.899939" lon="53.256356"><ele>2235.955</ele><time>2020-06-17T10:12:15Z</time></trkpt><trkpt lat="35.899966" lon="53.256430"><ele>2236.981</ele><time>2020-06-17T10:12:17Z</time></trkpt><trkpt lat="35.899982" lon="53.256510"><ele>2237.935</ele><time>2020-06-17T10:12:19Z</time></trkpt><trkpt lat="35.900008" lon="53.256589"><ele>2238.952</ele><time>2020-06-17T10:12:21Z</time></trkpt><trkpt lat="35.900028" lon="53.256664"><ele>2240.023</ele><time>2020-06-17T10:12:23Z</time></trkpt><trkpt lat="35.900034" lon="53.256728"><ele>2241.226</ele><time>2020-06-17T10:12:25Z</time></trkpt><trkpt lat="35.900031" lon="53.256792"><ele>2242.219</ele><time>2020-06-17T10:12:28Z</time></trkpt><trkpt lat="35.900010" lon="53.256880"><ele>2243.449</ele><time>2020-06-17T10:12:31Z</time></trkpt><trkpt lat="35.900000" lon="53.256975"><ele>2244.102</ele><time>2020-06-17T10:12:33Z</time></trkpt><trkpt lat="35.900001" lon="53.257081"><ele>2244.822</ele><time>2020-06-17T10:12:35Z</time></trkpt><trkpt lat="35.900009" lon="53.257183"><ele>2245.408</ele><time>2020-06-17T10:12:37Z</time></trkpt><trkpt lat="35.900026" lon="53.257284"><ele>2245.969</ele><time>2020-06-17T10:12:39Z</time></trkpt><trkpt lat="35.900053" lon="53.257357"><ele>2246.346</ele><time>2020-06-17T10:12:41Z</time></trkpt><trkpt lat="35.900088" lon="53.257405"><ele>2246.782</ele><time>2020-06-17T10:12:43Z</time></trkpt><trkpt lat="35.900105" lon="53.257483"><ele>2247.146</ele><time>2020-06-17T10:12:45Z</time></trkpt><trkpt lat="35.900106" lon="53.257543"><ele>2247.333</ele><time>2020-06-17T10:12:46Z</time></trkpt><trkpt lat="35.900106" lon="53.257603"><ele>2247.564</ele><time>2020-06-17T10:12:47Z</time></trkpt><trkpt lat="35.900111" lon="53.257704"><ele>2247.847</ele><time>2020-06-17T10:12:49Z</time></trkpt><trkpt lat="35.900104" lon="53.257778"><ele>2247.930</ele><time>2020-06-17T10:12:50Z</time></trkpt><trkpt lat="35.900116" lon="53.257847"><ele>2248.127</ele><time>2020-06-17T10:12:51Z</time></trkpt><trkpt lat="35.900124" lon="53.257942"><ele>2248.368</ele><time>2020-06-17T10:12:52Z</time></trkpt><trkpt lat="35.900130" lon="53.258018"><ele>2248.414</ele><time>2020-06-17T10:12:53Z</time></trkpt><trkpt lat="35.900169" lon="53.258116"><ele>2248.408</ele><time>2020-06-17T10:12:55Z</time></trkpt><trkpt lat="35.900177" lon="53.258186"><ele>2248.437</ele><time>2020-06-17T10:12:56Z</time></trkpt><trkpt lat="35.900188" lon="53.258260"><ele>2248.494</ele><time>2020-06-17T10:12:57Z</time></trkpt><trkpt lat="35.900207" lon="53.258317"><ele>2248.450</ele><time>2020-06-17T10:12:58Z</time></trkpt><trkpt lat="35.900218" lon="53.258388"><ele>2248.434</ele><time>2020-06-17T10:12:59Z</time></trkpt><trkpt lat="35.900259" lon="53.258432"><ele>2248.521</ele><time>2020-06-17T10:13:00Z</time></trkpt><trkpt lat="35.900288" lon="53.258498"><ele>2248.552</ele><time>2020-06-17T10:13:01Z</time></trkpt><trkpt lat="35.900320" lon="53.258563"><ele>2248.555</ele><time>2020-06-17T10:13:02Z</time></trkpt><trkpt lat="35.900345" lon="53.258621"><ele>2248.418</ele><time>2020-06-17T10:13:03Z</time></trkpt><trkpt lat="35.900360" lon="53.258745"><ele>2248.254</ele><time>2020-06-17T10:13:05Z</time></trkpt><trkpt lat="35.900401" lon="53.258804"><ele>2247.656</ele><time>2020-06-17T10:13:08Z</time></trkpt><trkpt lat="35.900449" lon="53.258860"><ele>2247.311</ele><time>2020-06-17T10:13:10Z</time></trkpt><trkpt lat="35.900482" lon="53.258898"><ele>2247.208</ele><time>2020-06-17T10:13:11Z</time></trkpt><trkpt lat="35.900533" lon="53.258988"><ele>2247.280</ele><time>2020-06-17T10:13:13Z</time></trkpt><trkpt lat="35.900580" lon="53.259071"><ele>2247.277</ele><time>2020-06-17T10:13:15Z</time></trkpt><trkpt lat="35.900615" lon="53.259126"><ele>2247.113</ele><time>2020-06-17T10:13:16Z</time></trkpt><trkpt lat="35.900644" lon="53.259181"><ele>2247.087</ele><time>2020-06-17T10:13:17Z</time></trkpt><trkpt lat="35.900711" lon="53.259254"><ele>2246.664</ele><time>2020-06-17T10:13:19Z</time></trkpt><trkpt lat="35.900738" lon="53.259305"><ele>2246.455</ele><time>2020-06-17T10:13:20Z</time></trkpt><trkpt lat="35.900778" lon="53.259351"><ele>2246.458</ele><time>2020-06-17T10:13:21Z</time></trkpt><trkpt lat="35.900816" lon="53.259396"><ele>2246.211</ele><time>2020-06-17T10:13:22Z</time></trkpt><trkpt lat="35.900841" lon="53.259462"><ele>2246.021</ele><time>2020-06-17T10:13:23Z</time></trkpt><trkpt lat="35.900882" lon="53.259531"><ele>2245.741</ele><time>2020-06-17T10:13:24Z</time></trkpt><trkpt lat="35.900913" lon="53.259576"><ele>2245.505</ele><time>2020-06-17T10:13:25Z</time></trkpt><trkpt lat="35.900951" lon="53.259623"><ele>2245.208</ele><time>2020-06-17T10:13:26Z</time></trkpt><trkpt lat="35.900981" lon="53.259672"><ele>2245.097</ele><time>2020-06-17T10:13:27Z</time></trkpt><trkpt lat="35.901008" lon="53.259723"><ele>2244.794</ele><time>2020-06-17T10:13:28Z</time></trkpt><trkpt lat="35.901025" lon="53.259789"><ele>2244.430</ele><time>2020-06-17T10:13:29Z</time></trkpt><trkpt lat="35.901049" lon="53.259850"><ele>2244.074</ele><time>2020-06-17T10:13:30Z</time></trkpt><trkpt lat="35.901089" lon="53.259879"><ele>2243.651</ele><time>2020-06-17T10:13:31Z</time></trkpt><trkpt lat="35.901121" lon="53.259918"><ele>2243.142</ele><time>2020-06-17T10:13:32Z</time></trkpt><trkpt lat="35.901170" lon="53.259952"><ele>2242.525</ele><time>2020-06-17T10:13:33Z</time></trkpt><trkpt lat="35.901227" lon="53.260032"><ele>2241.288</ele><time>2020-06-17T10:13:35Z</time></trkpt><trkpt lat="35.901322" lon="53.260084"><ele>2240.554</ele><time>2020-06-17T10:13:36Z</time></trkpt><trkpt lat="35.901232" lon="53.260078"><ele>2239.856</ele><time>2020-06-17T10:13:37Z</time></trkpt><trkpt lat="35.901280" lon="53.260120"><ele>2239.111</ele><time>2020-06-17T10:13:38Z</time></trkpt><trkpt lat="35.901344" lon="53.260149"><ele>2238.508</ele><time>2020-06-17T10:13:39Z</time></trkpt><trkpt lat="35.901379" lon="53.260204"><ele>2238.270</ele><time>2020-06-17T10:13:40Z</time></trkpt><trkpt lat="35.901419" lon="53.260292"><ele>2238.087</ele><time>2020-06-17T10:13:41Z</time></trkpt><trkpt lat="35.901457" lon="53.260327"><ele>2237.723</ele><time>2020-06-17T10:13:42Z</time></trkpt><trkpt lat="35.901486" lon="53.260373"><ele>2237.557</ele><time>2020-06-17T10:13:43Z</time></trkpt><trkpt lat="35.901541" lon="53.260432"><ele>2237.484</ele><time>2020-06-17T10:13:44Z</time></trkpt><trkpt lat="35.901582" lon="53.260492"><ele>2237.335</ele><time>2020-06-17T10:13:45Z</time></trkpt><trkpt lat="35.901625" lon="53.260544"><ele>2237.368</ele><time>2020-06-17T10:13:46Z</time></trkpt><trkpt lat="35.901718" lon="53.260591"><ele>2237.361</ele><time>2020-06-17T10:13:48Z</time></trkpt><trkpt lat="35.901790" lon="53.260636"><ele>2237.541</ele><time>2020-06-17T10:13:49Z</time></trkpt><trkpt lat="35.901854" lon="53.260691"><ele>2237.881</ele><time>2020-06-17T10:13:50Z</time></trkpt><trkpt lat="35.901934" lon="53.260710"><ele>2238.109</ele><time>2020-06-17T10:13:51Z</time></trkpt><trkpt lat="35.901981" lon="53.260766"><ele>2238.508</ele><time>2020-06-17T10:13:52Z</time></trkpt><trkpt lat="35.902059" lon="53.260842"><ele>2239.049</ele><time>2020-06-17T10:13:53Z</time></trkpt><trkpt lat="35.902106" lon="53.260903"><ele>2239.566</ele><time>2020-06-17T10:13:54Z</time></trkpt><trkpt lat="35.902200" lon="53.260957"><ele>2240.882</ele><time>2020-06-17T10:13:56Z</time></trkpt><trkpt lat="35.902272" lon="53.260999"><ele>2241.496</ele><time>2020-06-17T10:13:57Z</time></trkpt><trkpt lat="35.902333" lon="53.261016"><ele>2242.143</ele><time>2020-06-17T10:13:58Z</time></trkpt><trkpt lat="35.902391" lon="53.261025"><ele>2242.834</ele><time>2020-06-17T10:13:59Z</time></trkpt><trkpt lat="35.902466" lon="53.261044"><ele>2243.587</ele><time>2020-06-17T10:14:00Z</time></trkpt><trkpt lat="35.902522" lon="53.261050"><ele>2244.380</ele><time>2020-06-17T10:14:01Z</time></trkpt><trkpt lat="35.902580" lon="53.261052"><ele>2244.347</ele><time>2020-06-17T10:14:02Z</time></trkpt><trkpt lat="35.902641" lon="53.261052"><ele>2245.229</ele><time>2020-06-17T10:14:03Z</time></trkpt><trkpt lat="35.902690" lon="53.261067"><ele>2246.121</ele><time>2020-06-17T10:14:04Z</time></trkpt><trkpt lat="35.902784" lon="53.261039"><ele>2248.008</ele><time>2020-06-17T10:14:06Z</time></trkpt><trkpt lat="35.902831" lon="53.261035"><ele>2249.089</ele><time>2020-06-17T10:14:07Z</time></trkpt><trkpt lat="35.902881" lon="53.261055"><ele>2250.846</ele><time>2020-06-17T10:14:09Z</time></trkpt><trkpt lat="35.902938" lon="53.261066"><ele>2252.762</ele><time>2020-06-17T10:14:12Z</time></trkpt><trkpt lat="35.902993" lon="53.261097"><ele>2253.136</ele><time>2020-06-17T10:14:14Z</time></trkpt><trkpt lat="35.903064" lon="53.261106"><ele>2253.523</ele><time>2020-06-17T10:14:15Z</time></trkpt><trkpt lat="35.903122" lon="53.261118"><ele>2254.044</ele><time>2020-06-17T10:14:16Z</time></trkpt><trkpt lat="35.903162" lon="53.261156"><ele>2255.467</ele><time>2020-06-17T10:14:19Z</time></trkpt><trkpt lat="35.903216" lon="53.261191"><ele>2256.450</ele><time>2020-06-17T10:14:21Z</time></trkpt><trkpt lat="35.903295" lon="53.261230"><ele>2257.422</ele><time>2020-06-17T10:14:23Z</time></trkpt><trkpt lat="35.903363" lon="53.261281"><ele>2258.462</ele><time>2020-06-17T10:14:25Z</time></trkpt><trkpt lat="35.903405" lon="53.261327"><ele>2259.408</ele><time>2020-06-17T10:14:27Z</time></trkpt><trkpt lat="35.903453" lon="53.261374"><ele>2260.108</ele><time>2020-06-17T10:14:29Z</time></trkpt><trkpt lat="35.903515" lon="53.261429"><ele>2260.837</ele><time>2020-06-17T10:14:31Z</time></trkpt><trkpt lat="35.903584" lon="53.261504"><ele>2261.254</ele><time>2020-06-17T10:14:32Z</time></trkpt><trkpt lat="35.903625" lon="53.261545"><ele>2261.640</ele><time>2020-06-17T10:14:33Z</time></trkpt><trkpt lat="35.903684" lon="53.261595"><ele>2262.134</ele><time>2020-06-17T10:14:34Z</time></trkpt><trkpt lat="35.903748" lon="53.261618"><ele>2262.671</ele><time>2020-06-17T10:14:35Z</time></trkpt><trkpt lat="35.903795" lon="53.261650"><ele>2263.142</ele><time>2020-06-17T10:14:36Z</time></trkpt><trkpt lat="35.903850" lon="53.261677"><ele>2263.785</ele><time>2020-06-17T10:14:37Z</time></trkpt><trkpt lat="35.903926" lon="53.261701"><ele>2264.328</ele><time>2020-06-17T10:14:38Z</time></trkpt><trkpt lat="35.903992" lon="53.261727"><ele>2264.847</ele><time>2020-06-17T10:14:39Z</time></trkpt><trkpt lat="35.904049" lon="53.261734"><ele>2264.829</ele><time>2020-06-17T10:14:40Z</time></trkpt><trkpt lat="35.904098" lon="53.261766"><ele>2265.321</ele><time>2020-06-17T10:14:41Z</time></trkpt><trkpt lat="35.904181" lon="53.261776"><ele>2265.808</ele><time>2020-06-17T10:14:42Z</time></trkpt><trkpt lat="35.904273" lon="53.261795"><ele>2267.099</ele><time>2020-06-17T10:14:44Z</time></trkpt><trkpt lat="35.904317" lon="53.261824"><ele>2267.726</ele><time>2020-06-17T10:14:45Z</time></trkpt><trkpt lat="35.904373" lon="53.261844"><ele>2268.572</ele><time>2020-06-17T10:14:46Z</time></trkpt><trkpt lat="35.904436" lon="53.261859"><ele>2269.316</ele><time>2020-06-17T10:14:47Z</time></trkpt><trkpt lat="35.904501" lon="53.261857"><ele>2270.173</ele><time>2020-06-17T10:14:48Z</time></trkpt><trkpt lat="35.904548" lon="53.261882"><ele>2270.914</ele><time>2020-06-17T10:14:49Z</time></trkpt><trkpt lat="35.904623" lon="53.261877"><ele>2271.697</ele><time>2020-06-17T10:14:50Z</time></trkpt><trkpt lat="35.904683" lon="53.261876"><ele>2272.370</ele><time>2020-06-17T10:14:51Z</time></trkpt><trkpt lat="35.904756" lon="53.261880"><ele>2273.062</ele><time>2020-06-17T10:14:52Z</time></trkpt><trkpt lat="35.904816" lon="53.261876"><ele>2273.783</ele><time>2020-06-17T10:14:53Z</time></trkpt><trkpt lat="35.904911" lon="53.261874"><ele>2275.211</ele><time>2020-06-17T10:14:55Z</time></trkpt><trkpt lat="35.904996" lon="53.261864"><ele>2276.108</ele><time>2020-06-17T10:14:56Z</time></trkpt><trkpt lat="35.905065" lon="53.261865"><ele>2276.961</ele><time>2020-06-17T10:14:57Z</time></trkpt><trkpt lat="35.905140" lon="53.261871"><ele>2277.788</ele><time>2020-06-17T10:14:58Z</time></trkpt><trkpt lat="35.905190" lon="53.261876"><ele>2278.644</ele><time>2020-06-17T10:14:59Z</time></trkpt><trkpt lat="35.905249" lon="53.261876"><ele>2279.518</ele><time>2020-06-17T10:15:00Z</time></trkpt><trkpt lat="35.905301" lon="53.261903"><ele>2281.075</ele><time>2020-06-17T10:15:02Z</time></trkpt><trkpt lat="35.905368" lon="53.261898"><ele>2281.896</ele><time>2020-06-17T10:15:04Z</time></trkpt><trkpt lat="35.905447" lon="53.261898"><ele>2283.479</ele><time>2020-06-17T10:15:06Z</time></trkpt><trkpt lat="35.905527" lon="53.261887"><ele>2284.972</ele><time>2020-06-17T10:15:08Z</time></trkpt><trkpt lat="35.905577" lon="53.261884"><ele>2285.777</ele><time>2020-06-17T10:15:09Z</time></trkpt><trkpt lat="35.905672" lon="53.261864"><ele>2287.161</ele><time>2020-06-17T10:15:11Z</time></trkpt><trkpt lat="35.905748" lon="53.261851"><ele>2288.827</ele><time>2020-06-17T10:15:13Z</time></trkpt><trkpt lat="35.905848" lon="53.261835"><ele>2289.508</ele><time>2020-06-17T10:15:15Z</time></trkpt><trkpt lat="35.905896" lon="53.261808"><ele>2290.362</ele><time>2020-06-17T10:15:16Z</time></trkpt><trkpt lat="35.905944" lon="53.261787"><ele>2291.039</ele><time>2020-06-17T10:15:17Z</time></trkpt><trkpt lat="35.906034" lon="53.261736"><ele>2292.165</ele><time>2020-06-17T10:15:19Z</time></trkpt><trkpt lat="35.906063" lon="53.261688"><ele>2292.859</ele><time>2020-06-17T10:15:20Z</time></trkpt><trkpt lat="35.906130" lon="53.261669"><ele>2293.456</ele><time>2020-06-17T10:15:21Z</time></trkpt><trkpt lat="35.906177" lon="53.261661"><ele>2294.077</ele><time>2020-06-17T10:15:22Z</time></trkpt><trkpt lat="35.906236" lon="53.261642"><ele>2294.690</ele><time>2020-06-17T10:15:23Z</time></trkpt><trkpt lat="35.906296" lon="53.261655"><ele>2295.883</ele><time>2020-06-17T10:15:25Z</time></trkpt><trkpt lat="35.906341" lon="53.261672"><ele>2296.514</ele><time>2020-06-17T10:15:26Z</time></trkpt><trkpt lat="35.906402" lon="53.261667"><ele>2297.254</ele><time>2020-06-17T10:15:27Z</time></trkpt><trkpt lat="35.906469" lon="53.261655"><ele>2297.909</ele><time>2020-06-17T10:15:28Z</time></trkpt><trkpt lat="35.906521" lon="53.261665"><ele>2299.308</ele><time>2020-06-17T10:15:30Z</time></trkpt><trkpt lat="35.906563" lon="53.261693"><ele>2300.036</ele><time>2020-06-17T10:15:31Z</time></trkpt><trkpt lat="35.906629" lon="53.261701"><ele>2300.723</ele><time>2020-06-17T10:15:32Z</time></trkpt><trkpt lat="35.906686" lon="53.261697"><ele>2301.419</ele><time>2020-06-17T10:15:33Z</time></trkpt><trkpt lat="35.906727" lon="53.261747"><ele>2302.163</ele><time>2020-06-17T10:15:34Z</time></trkpt><trkpt lat="35.906791" lon="53.261757"><ele>2302.820</ele><time>2020-06-17T10:15:35Z</time></trkpt><trkpt lat="35.906843" lon="53.261783"><ele>2303.471</ele><time>2020-06-17T10:15:36Z</time></trkpt><trkpt lat="35.906903" lon="53.261800"><ele>2304.134</ele><time>2020-06-17T10:15:37Z</time></trkpt><trkpt lat="35.906983" lon="53.261810"><ele>2304.887</ele><time>2020-06-17T10:15:38Z</time></trkpt><trkpt lat="35.907051" lon="53.261810"><ele>2305.678</ele><time>2020-06-17T10:15:39Z</time></trkpt><trkpt lat="35.907123" lon="53.261826"><ele>2306.433</ele><time>2020-06-17T10:15:40Z</time></trkpt><trkpt lat="35.907190" lon="53.261820"><ele>2306.426</ele><time>2020-06-17T10:15:41Z</time></trkpt><trkpt lat="35.907267" lon="53.261818"><ele>2307.208</ele><time>2020-06-17T10:15:42Z</time></trkpt><trkpt lat="35.907333" lon="53.261816"><ele>2308.012</ele><time>2020-06-17T10:15:43Z</time></trkpt><trkpt lat="35.907397" lon="53.261811"><ele>2308.849</ele><time>2020-06-17T10:15:44Z</time></trkpt><trkpt lat="35.907511" lon="53.261782"><ele>2310.315</ele><time>2020-06-17T10:15:46Z</time></trkpt><trkpt lat="35.907593" lon="53.261778"><ele>2311.119</ele><time>2020-06-17T10:15:47Z</time></trkpt><trkpt lat="35.907656" lon="53.261774"><ele>2311.996</ele><time>2020-06-17T10:15:48Z</time></trkpt><trkpt lat="35.907709" lon="53.261784"><ele>2312.837</ele><time>2020-06-17T10:15:49Z</time></trkpt><trkpt lat="35.907789" lon="53.261772"><ele>2313.750</ele><time>2020-06-17T10:15:51Z</time></trkpt><trkpt lat="35.907861" lon="53.261762"><ele>2314.693</ele><time>2020-06-17T10:15:52Z</time></trkpt><trkpt lat="35.907908" lon="53.261767"><ele>2315.571</ele><time>2020-06-17T10:15:53Z</time></trkpt><trkpt lat="35.907967" lon="53.261767"><ele>2316.441</ele><time>2020-06-17T10:15:54Z</time></trkpt><trkpt lat="35.908025" lon="53.261771"><ele>2317.115</ele><time>2020-06-17T10:15:55Z</time></trkpt><trkpt lat="35.908078" lon="53.261777"><ele>2317.908</ele><time>2020-06-17T10:15:56Z</time></trkpt><trkpt lat="35.908133" lon="53.261795"><ele>2318.622</ele><time>2020-06-17T10:15:57Z</time></trkpt><trkpt lat="35.908193" lon="53.261785"><ele>2319.479</ele><time>2020-06-17T10:15:58Z</time></trkpt><trkpt lat="35.908259" lon="53.261790"><ele>2320.255</ele><time>2020-06-17T10:15:59Z</time></trkpt><trkpt lat="35.908309" lon="53.261792"><ele>2321.039</ele><time>2020-06-17T10:16:00Z</time></trkpt><trkpt lat="35.908388" lon="53.261785"><ele>2321.746</ele><time>2020-06-17T10:16:01Z</time></trkpt><trkpt lat="35.908441" lon="53.261783"><ele>2322.497</ele><time>2020-06-17T10:16:02Z</time></trkpt><trkpt lat="35.908501" lon="53.261783"><ele>2323.090</ele><time>2020-06-17T10:16:03Z</time></trkpt><trkpt lat="35.908546" lon="53.261784"><ele>2323.683</ele><time>2020-06-17T10:16:04Z</time></trkpt><trkpt lat="35.908629" lon="53.261785"><ele>2325.098</ele><time>2020-06-17T10:16:06Z</time></trkpt><trkpt lat="35.908697" lon="53.261784"><ele>2325.815</ele><time>2020-06-17T10:16:07Z</time></trkpt><trkpt lat="35.908766" lon="53.261775"><ele>2326.626</ele><time>2020-06-17T10:16:08Z</time></trkpt><trkpt lat="35.908864" lon="53.261758"><ele>2328.208</ele><time>2020-06-17T10:16:10Z</time></trkpt><trkpt lat="35.908923" lon="53.261742"><ele>2329.024</ele><time>2020-06-17T10:16:11Z</time></trkpt><trkpt lat="35.908977" lon="53.261721"><ele>2329.651</ele><time>2020-06-17T10:16:12Z</time></trkpt><trkpt lat="35.909032" lon="53.261708"><ele>2330.217</ele><time>2020-06-17T10:16:13Z</time></trkpt><trkpt lat="35.909090" lon="53.261696"><ele>2330.251</ele><time>2020-06-17T10:16:14Z</time></trkpt><trkpt lat="35.909175" lon="53.261688"><ele>2331.448</ele><time>2020-06-17T10:16:16Z</time></trkpt><trkpt lat="35.909236" lon="53.261674"><ele>2332.099</ele><time>2020-06-17T10:16:17Z</time></trkpt><trkpt lat="35.909357" lon="53.261669"><ele>2333.562</ele><time>2020-06-17T10:16:19Z</time></trkpt><trkpt lat="35.909436" lon="53.261654"><ele>2334.215</ele><time>2020-06-17T10:16:20Z</time></trkpt><trkpt lat="35.909511" lon="53.261645"><ele>2335.696</ele><time>2020-06-17T10:16:22Z</time></trkpt><trkpt lat="35.909606" lon="53.261614"><ele>2336.931</ele><time>2020-06-17T10:16:24Z</time></trkpt><trkpt lat="35.909645" lon="53.261646"><ele>2337.724</ele><time>2020-06-17T10:16:25Z</time></trkpt><trkpt lat="35.909693" lon="53.261648"><ele>2338.608</ele><time>2020-06-17T10:16:26Z</time></trkpt><trkpt lat="35.909743" lon="53.261692"><ele>2341.114</ele><time>2020-06-17T10:16:30Z</time></trkpt><trkpt lat="35.909808" lon="53.261675"><ele>2342.141</ele><time>2020-06-17T10:16:33Z</time></trkpt><trkpt lat="35.909857" lon="53.261693"><ele>2342.857</ele><time>2020-06-17T10:16:35Z</time></trkpt><trkpt lat="35.909926" lon="53.261683"><ele>2343.591</ele><time>2020-06-17T10:16:37Z</time></trkpt><trkpt lat="35.909996" lon="53.261686"><ele>2344.278</ele><time>2020-06-17T10:16:39Z</time></trkpt><trkpt lat="35.910066" lon="53.261684"><ele>2344.649</ele><time>2020-06-17T10:16:41Z</time></trkpt><trkpt lat="35.910133" lon="53.261690"><ele>2345.522</ele><time>2020-06-17T10:16:43Z</time></trkpt><trkpt lat="35.910194" lon="53.261707"><ele>2346.575</ele><time>2020-06-17T10:16:45Z</time></trkpt><trkpt lat="35.910256" lon="53.261728"><ele>2347.511</ele><time>2020-06-17T10:16:47Z</time></trkpt><trkpt lat="35.910321" lon="53.261743"><ele>2348.621</ele><time>2020-06-17T10:16:49Z</time></trkpt><trkpt lat="35.910376" lon="53.261750"><ele>2349.903</ele><time>2020-06-17T10:16:51Z</time></trkpt><trkpt lat="35.910438" lon="53.261757"><ele>2351.108</ele><time>2020-06-17T10:16:53Z</time></trkpt><trkpt lat="35.910507" lon="53.261766"><ele>2352.316</ele><time>2020-06-17T10:16:55Z</time></trkpt><trkpt lat="35.910573" lon="53.261772"><ele>2353.413</ele><time>2020-06-17T10:16:57Z</time></trkpt><trkpt lat="35.910634" lon="53.261776"><ele>2354.549</ele><time>2020-06-17T10:16:59Z</time></trkpt><trkpt lat="35.910698" lon="53.261775"><ele>2355.663</ele><time>2020-06-17T10:17:01Z</time></trkpt><trkpt lat="35.910756" lon="53.261772"><ele>2356.650</ele><time>2020-06-17T10:17:03Z</time></trkpt><trkpt lat="35.910812" lon="53.261766"><ele>2357.741</ele><time>2020-06-17T10:17:05Z</time></trkpt><trkpt lat="35.910871" lon="53.261765"><ele>2358.994</ele><time>2020-06-17T10:17:07Z</time></trkpt><trkpt lat="35.910925" lon="53.261771"><ele>2359.657</ele><time>2020-06-17T10:17:09Z</time></trkpt><trkpt lat="35.910983" lon="53.261780"><ele>2360.982</ele><time>2020-06-17T10:17:11Z</time></trkpt><trkpt lat="35.911043" lon="53.261788"><ele>2362.243</ele><time>2020-06-17T10:17:13Z</time></trkpt><trkpt lat="35.911096" lon="53.261788"><ele>2363.517</ele><time>2020-06-17T10:17:15Z</time></trkpt><trkpt lat="35.911154" lon="53.261792"><ele>2364.708</ele><time>2020-06-17T10:17:17Z</time></trkpt><trkpt lat="35.911214" lon="53.261800"><ele>2365.983</ele><time>2020-06-17T10:17:19Z</time></trkpt><trkpt lat="35.911278" lon="53.261798"><ele>2367.160</ele><time>2020-06-17T10:17:21Z</time></trkpt><trkpt lat="35.911350" lon="53.261793"><ele>2368.326</ele><time>2020-06-17T10:17:23Z</time></trkpt><trkpt lat="35.911426" lon="53.261795"><ele>2369.480</ele><time>2020-06-17T10:17:25Z</time></trkpt><trkpt lat="35.911506" lon="53.261800"><ele>2370.377</ele><time>2020-06-17T10:17:27Z</time></trkpt><trkpt lat="35.911577" lon="53.261801"><ele>2371.198</ele><time>2020-06-17T10:17:29Z</time></trkpt><trkpt lat="35.911646" lon="53.261796"><ele>2371.941</ele><time>2020-06-17T10:17:31Z</time></trkpt><trkpt lat="35.911714" lon="53.261776"><ele>2372.764</ele><time>2020-06-17T10:17:33Z</time></trkpt><trkpt lat="35.911780" lon="53.261747"><ele>2373.165</ele><time>2020-06-17T10:17:35Z</time></trkpt><trkpt lat="35.911857" lon="53.261725"><ele>2374.168</ele><time>2020-06-17T10:17:37Z</time></trkpt><trkpt lat="35.911923" lon="53.261696"><ele>2375.214</ele><time>2020-06-17T10:17:39Z</time></trkpt><trkpt lat="35.911994" lon="53.261676"><ele>2376.508</ele><time>2020-06-17T10:17:41Z</time></trkpt><trkpt lat="35.912057" lon="53.261657"><ele>2377.951</ele><time>2020-06-17T10:17:43Z</time></trkpt><trkpt lat="35.912110" lon="53.261636"><ele>2379.178</ele><time>2020-06-17T10:17:45Z</time></trkpt><trkpt lat="35.912189" lon="53.261598"><ele>2379.974</ele><time>2020-06-17T10:17:47Z</time></trkpt><trkpt lat="35.912270" lon="53.261566"><ele>2380.548</ele><time>2020-06-17T10:17:49Z</time></trkpt><trkpt lat="35.912344" lon="53.261554"><ele>2381.135</ele><time>2020-06-17T10:17:51Z</time></trkpt><trkpt lat="35.912398" lon="53.261553"><ele>2381.756</ele><time>2020-06-17T10:17:53Z</time></trkpt><trkpt lat="35.912457" lon="53.261553"><ele>2382.679</ele><time>2020-06-17T10:17:55Z</time></trkpt><trkpt lat="35.912522" lon="53.261544"><ele>2383.792</ele><time>2020-06-17T10:17:57Z</time></trkpt><trkpt lat="35.912587" lon="53.261545"><ele>2384.872</ele><time>2020-06-17T10:17:59Z</time></trkpt><trkpt lat="35.912659" lon="53.261542"><ele>2385.413</ele><time>2020-06-17T10:18:01Z</time></trkpt><trkpt lat="35.912728" lon="53.261539"><ele>2386.514</ele><time>2020-06-17T10:18:03Z</time></trkpt><trkpt lat="35.912795" lon="53.261538"><ele>2387.608</ele><time>2020-06-17T10:18:05Z</time></trkpt><trkpt lat="35.912872" lon="53.261528"><ele>2388.582</ele><time>2020-06-17T10:18:07Z</time></trkpt><trkpt lat="35.912944" lon="53.261521"><ele>2389.129</ele><time>2020-06-17T10:18:09Z</time></trkpt><trkpt lat="35.913033" lon="53.261515"><ele>2389.725</ele><time>2020-06-17T10:18:11Z</time></trkpt><trkpt lat="35.913113" lon="53.261522"><ele>2390.339</ele><time>2020-06-17T10:18:13Z</time></trkpt><trkpt lat="35.913185" lon="53.261538"><ele>2391.196</ele><time>2020-06-17T10:18:15Z</time></trkpt><trkpt lat="35.913244" lon="53.261553"><ele>2392.167</ele><time>2020-06-17T10:18:17Z</time></trkpt><trkpt lat="35.913302" lon="53.261570"><ele>2393.130</ele><time>2020-06-17T10:18:19Z</time></trkpt><trkpt lat="35.913359" lon="53.261585"><ele>2394.053</ele><time>2020-06-17T10:18:21Z</time></trkpt><trkpt lat="35.913414" lon="53.261591"><ele>2394.822</ele><time>2020-06-17T10:18:23Z</time></trkpt><trkpt lat="35.913467" lon="53.261600"><ele>2395.862</ele><time>2020-06-17T10:18:25Z</time></trkpt><trkpt lat="35.913525" lon="53.261615"><ele>2396.408</ele><time>2020-06-17T10:18:27Z</time></trkpt><trkpt lat="35.913587" lon="53.261615"><ele>2398.308</ele><time>2020-06-17T10:18:30Z</time></trkpt><trkpt lat="35.913673" lon="53.261608"><ele>2399.457</ele><time>2020-06-17T10:18:32Z</time></trkpt><trkpt lat="35.913747" lon="53.261605"><ele>2400.394</ele><time>2020-06-17T10:18:34Z</time></trkpt><trkpt lat="35.913818" lon="53.261598"><ele>2401.380</ele><time>2020-06-17T10:18:36Z</time></trkpt><trkpt lat="35.913887" lon="53.261588"><ele>2401.884</ele><time>2020-06-17T10:18:38Z</time></trkpt><trkpt lat="35.913955" lon="53.261578"><ele>2403.011</ele><time>2020-06-17T10:18:40Z</time></trkpt><trkpt lat="35.914015" lon="53.261579"><ele>2404.042</ele><time>2020-06-17T10:18:42Z</time></trkpt><trkpt lat="35.914076" lon="53.261589"><ele>2405.045</ele><time>2020-06-17T10:18:44Z</time></trkpt><trkpt lat="35.914140" lon="53.261601"><ele>2406.028</ele><time>2020-06-17T10:18:46Z</time></trkpt><trkpt lat="35.914211" lon="53.261608"><ele>2407.054</ele><time>2020-06-17T10:18:48Z</time></trkpt><trkpt lat="35.914279" lon="53.261611"><ele>2408.156</ele><time>2020-06-17T10:18:50Z</time></trkpt><trkpt lat="35.914346" lon="53.261618"><ele>2409.111</ele><time>2020-06-17T10:18:52Z</time></trkpt><trkpt lat="35.914422" lon="53.261621"><ele>2410.308</ele><time>2020-06-17T10:18:54Z</time></trkpt><trkpt lat="35.914490" lon="53.261623"><ele>2411.580</ele><time>2020-06-17T10:18:56Z</time></trkpt><trkpt lat="35.914557" lon="53.261632"><ele>2412.057</ele><time>2020-06-17T10:18:58Z</time></trkpt><trkpt lat="35.914626" lon="53.261642"><ele>2412.993</ele><time>2020-06-17T10:19:00Z</time></trkpt><trkpt lat="35.914693" lon="53.261650"><ele>2413.827</ele><time>2020-06-17T10:19:02Z</time></trkpt><trkpt lat="35.914754" lon="53.261655"><ele>2414.864</ele><time>2020-06-17T10:19:04Z</time></trkpt><trkpt lat="35.914810" lon="53.261665"><ele>2416.095</ele><time>2020-06-17T10:19:06Z</time></trkpt><trkpt lat="35.914864" lon="53.261675"><ele>2417.328</ele><time>2020-06-17T10:19:08Z</time></trkpt><trkpt lat="35.914927" lon="53.261683"><ele>2418.631</ele><time>2020-06-17T10:19:10Z</time></trkpt><trkpt lat="35.914993" lon="53.261688"><ele>2419.879</ele><time>2020-06-17T10:19:12Z</time></trkpt><trkpt lat="35.915060" lon="53.261696"><ele>2420.705</ele><time>2020-06-17T10:19:14Z</time></trkpt><trkpt lat="35.915131" lon="53.261704"><ele>2421.625</ele><time>2020-06-17T10:19:16Z</time></trkpt><trkpt lat="35.915206" lon="53.261714"><ele>2422.408</ele><time>2020-06-17T10:19:18Z</time></trkpt><trkpt lat="35.915277" lon="53.261728"><ele>2423.252</ele><time>2020-06-17T10:19:20Z</time></trkpt><trkpt lat="35.915335" lon="53.261750"><ele>2423.699</ele><time>2020-06-17T10:19:22Z</time></trkpt><trkpt lat="35.915398" lon="53.261774"><ele>2424.875</ele><time>2020-06-17T10:19:24Z</time></trkpt><trkpt lat="35.915469" lon="53.261794"><ele>2425.989</ele><time>2020-06-17T10:19:26Z</time></trkpt><trkpt lat="35.915540" lon="53.261807"><ele>2426.716</ele><time>2020-06-17T10:19:28Z</time></trkpt><trkpt lat="35.915617" lon="53.261809"><ele>2427.087</ele><time>2020-06-17T10:19:30Z</time></trkpt><trkpt lat="35.915690" lon="53.261796"><ele>2427.420</ele><time>2020-06-17T10:19:32Z</time></trkpt><trkpt lat="35.915764" lon="53.261781"><ele>2427.853</ele><time>2020-06-17T10:19:34Z</time></trkpt><trkpt lat="35.915837" lon="53.261766"><ele>2428.368</ele><time>2020-06-17T10:19:36Z</time></trkpt><trkpt lat="35.915905" lon="53.261752"><ele>2428.842</ele><time>2020-06-17T10:19:38Z</time></trkpt><trkpt lat="35.915967" lon="53.261742"><ele>2429.426</ele><time>2020-06-17T10:19:40Z</time></trkpt><trkpt lat="35.916025" lon="53.261737"><ele>2430.108</ele><time>2020-06-17T10:19:42Z</time></trkpt><trkpt lat="35.916083" lon="53.261731"><ele>2431.151</ele><time>2020-06-17T10:19:44Z</time></trkpt><trkpt lat="35.916142" lon="53.261725"><ele>2432.258</ele><time>2020-06-17T10:19:46Z</time></trkpt><trkpt lat="35.916209" lon="53.261723"><ele>2432.884</ele><time>2020-06-17T10:19:48Z</time></trkpt><trkpt lat="35.916270" lon="53.261739"><ele>2433.858</ele><time>2020-06-17T10:19:50Z</time></trkpt><trkpt lat="35.916335" lon="53.261771"><ele>2434.655</ele><time>2020-06-17T10:19:52Z</time></trkpt><trkpt lat="35.916391" lon="53.261811"><ele>2435.276</ele><time>2020-06-17T10:19:54Z</time></trkpt><trkpt lat="35.916440" lon="53.261863"><ele>2436.049</ele><time>2020-06-17T10:19:56Z</time></trkpt><trkpt lat="35.916485" lon="53.261926"><ele>2437.142</ele><time>2020-06-17T10:19:58Z</time></trkpt><trkpt lat="35.916521" lon="53.261994"><ele>2438.193</ele><time>2020-06-17T10:20:00Z</time></trkpt><trkpt lat="35.916559" lon="53.262064"><ele>2438.965</ele><time>2020-06-17T10:20:02Z</time></trkpt><trkpt lat="35.916600" lon="53.262129"><ele>2439.621</ele><time>2020-06-17T10:20:04Z</time></trkpt><trkpt lat="35.916647" lon="53.262183"><ele>2440.508</ele><time>2020-06-17T10:20:06Z</time></trkpt><trkpt lat="35.916696" lon="53.262227"><ele>2441.644</ele><time>2020-06-17T10:20:08Z</time></trkpt><trkpt lat="35.916746" lon="53.262265"><ele>2442.791</ele><time>2020-06-17T10:20:10Z</time></trkpt><trkpt lat="35.916799" lon="53.262302"><ele>2443.717</ele><time>2020-06-17T10:20:12Z</time></trkpt><trkpt lat="35.916853" lon="53.262339"><ele>2444.741</ele><time>2020-06-17T10:20:14Z</time></trkpt><trkpt lat="35.916912" lon="53.262366"><ele>2445.238</ele><time>2020-06-17T10:20:16Z</time></trkpt><trkpt lat="35.916971" lon="53.262390"><ele>2446.219</ele><time>2020-06-17T10:20:18Z</time></trkpt><trkpt lat="35.917030" lon="53.262412"><ele>2447.242</ele><time>2020-06-17T10:20:20Z</time></trkpt><trkpt lat="35.917096" lon="53.262427"><ele>2448.215</ele><time>2020-06-17T10:20:22Z</time></trkpt><trkpt lat="35.917163" lon="53.262438"><ele>2449.133</ele><time>2020-06-17T10:20:24Z</time></trkpt><trkpt lat="35.917229" lon="53.262454"><ele>2450.023</ele><time>2020-06-17T10:20:26Z</time></trkpt><trkpt lat="35.917286" lon="53.262482"><ele>2450.715</ele><time>2020-06-17T10:20:28Z</time></trkpt><trkpt lat="35.917327" lon="53.262514"><ele>2451.608</ele><time>2020-06-17T10:20:30Z</time></trkpt><trkpt lat="35.917361" lon="53.262552"><ele>2452.488</ele><time>2020-06-17T10:20:32Z</time></trkpt><trkpt lat="35.917392" lon="53.262621"><ele>2453.445</ele><time>2020-06-17T10:20:35Z</time></trkpt><trkpt lat="35.917412" lon="53.262686"><ele>2454.021</ele><time>2020-06-17T10:20:38Z</time></trkpt><trkpt lat="35.917458" lon="53.262737"><ele>2454.695</ele><time>2020-06-17T10:20:41Z</time></trkpt><trkpt lat="35.917500" lon="53.262766"><ele>2454.942</ele><time>2020-06-17T10:20:43Z</time></trkpt><trkpt lat="35.917543" lon="53.262812"><ele>2455.643</ele><time>2020-06-17T10:20:45Z</time></trkpt><trkpt lat="35.917576" lon="53.262870"><ele>2456.446</ele><time>2020-06-17T10:20:47Z</time></trkpt><trkpt lat="35.917603" lon="53.262941"><ele>2457.269</ele><time>2020-06-17T10:20:49Z</time></trkpt><trkpt lat="35.917628" lon="53.263018"><ele>2457.928</ele><time>2020-06-17T10:20:51Z</time></trkpt><trkpt lat="35.917651" lon="53.263096"><ele>2458.889</ele><time>2020-06-17T10:20:53Z</time></trkpt><trkpt lat="35.917672" lon="53.263175"><ele>2459.917</ele><time>2020-06-17T10:20:55Z</time></trkpt><trkpt lat="35.917687" lon="53.263244"><ele>2461.008</ele><time>2020-06-17T10:20:57Z</time></trkpt><trkpt lat="35.917707" lon="53.263305"><ele>2461.977</ele><time>2020-06-17T10:20:59Z</time></trkpt><trkpt lat="35.917741" lon="53.263361"><ele>2462.874</ele><time>2020-06-17T10:21:01Z</time></trkpt><trkpt lat="35.917770" lon="53.263423"><ele>2463.710</ele><time>2020-06-17T10:21:03Z</time></trkpt><trkpt lat="35.917804" lon="53.263487"><ele>2464.734</ele><time>2020-06-17T10:21:05Z</time></trkpt><trkpt lat="35.917833" lon="53.263544"><ele>2465.811</ele><time>2020-06-17T10:21:07Z</time></trkpt><trkpt lat="35.917852" lon="53.263610"><ele>2466.312</ele><time>2020-06-17T10:21:09Z</time></trkpt><trkpt lat="35.917862" lon="53.263677"><ele>2467.235</ele><time>2020-06-17T10:21:11Z</time></trkpt><trkpt lat="35.917888" lon="53.263747"><ele>2468.468</ele><time>2020-06-17T10:21:14Z</time></trkpt><trkpt lat="35.917937" lon="53.263762"><ele>2469.612</ele><time>2020-06-17T10:21:17Z</time></trkpt><trkpt lat="35.917975" lon="53.263703"><ele>2470.632</ele><time>2020-06-17T10:21:20Z</time></trkpt><trkpt lat="35.917983" lon="53.263636"><ele>2471.205</ele><time>2020-06-17T10:21:22Z</time></trkpt><trkpt lat="35.917973" lon="53.263568"><ele>2471.608</ele><time>2020-06-17T10:21:24Z</time></trkpt><trkpt lat="35.917954" lon="53.263502"><ele>2471.956</ele><time>2020-06-17T10:21:26Z</time></trkpt><trkpt lat="35.917953" lon="53.263436"><ele>2472.373</ele><time>2020-06-17T10:21:28Z</time></trkpt><trkpt lat="35.917967" lon="53.263374"><ele>2472.999</ele><time>2020-06-17T10:21:30Z</time></trkpt><trkpt lat="35.917983" lon="53.263318"><ele>2473.573</ele><time>2020-06-17T10:21:32Z</time></trkpt><trkpt lat="35.917997" lon="53.263257"><ele>2473.950</ele><time>2020-06-17T10:21:34Z</time></trkpt><trkpt lat="35.918007" lon="53.263197"><ele>2474.491</ele><time>2020-06-17T10:21:36Z</time></trkpt><trkpt lat="35.918027" lon="53.263119"><ele>2475.494</ele><time>2020-06-17T10:21:39Z</time></trkpt><trkpt lat="35.918053" lon="53.263054"><ele>2476.247</ele><time>2020-06-17T10:21:41Z</time></trkpt><trkpt lat="35.918096" lon="53.262981"><ele>2476.924</ele><time>2020-06-17T10:21:43Z</time></trkpt><trkpt lat="35.918134" lon="53.262919"><ele>2477.704</ele><time>2020-06-17T10:21:45Z</time></trkpt><trkpt lat="35.918163" lon="53.262865"><ele>2478.314</ele><time>2020-06-17T10:21:47Z</time></trkpt><trkpt lat="35.918219" lon="53.262845"><ele>2479.208</ele><time>2020-06-17T10:21:51Z</time></trkpt><trkpt lat="35.918244" lon="53.262902"><ele>2479.627</ele><time>2020-06-17T10:21:53Z</time></trkpt><trkpt lat="35.918240" lon="53.262974"><ele>2480.274</ele><time>2020-06-17T10:21:55Z</time></trkpt><trkpt lat="35.918215" lon="53.263057"><ele>2480.820</ele><time>2020-06-17T10:21:57Z</time></trkpt><trkpt lat="35.918188" lon="53.263156"><ele>2481.454</ele><time>2020-06-17T10:21:59Z</time></trkpt><trkpt lat="35.918172" lon="53.263242"><ele>2481.711</ele><time>2020-06-17T10:22:01Z</time></trkpt><trkpt lat="35.918158" lon="53.263315"><ele>2482.292</ele><time>2020-06-17T10:22:03Z</time></trkpt><trkpt lat="35.918151" lon="53.263393"><ele>2482.725</ele><time>2020-06-17T10:22:05Z</time></trkpt><trkpt lat="35.918156" lon="53.263471"><ele>2483.188</ele><time>2020-06-17T10:22:07Z</time></trkpt><trkpt lat="35.918175" lon="53.263543"><ele>2483.632</ele><time>2020-06-17T10:22:09Z</time></trkpt><trkpt lat="35.918197" lon="53.263632"><ele>2484.292</ele><time>2020-06-17T10:22:11Z</time></trkpt><trkpt lat="35.918225" lon="53.263705"><ele>2484.811</ele><time>2020-06-17T10:22:13Z</time></trkpt><trkpt lat="35.918248" lon="53.263764"><ele>2485.408</ele><time>2020-06-17T10:22:15Z</time></trkpt><trkpt lat="35.918248" lon="53.263846"><ele>2487.458</ele><time>2020-06-17T10:22:21Z</time></trkpt><trkpt lat="35.918228" lon="53.263940"><ele>2488.165</ele><time>2020-06-17T10:22:23Z</time></trkpt><trkpt lat="35.918235" lon="53.263995"><ele>2488.591</ele><time>2020-06-17T10:22:24Z</time></trkpt><trkpt lat="35.918274" lon="53.264068"><ele>2489.125</ele><time>2020-06-17T10:22:26Z</time></trkpt><trkpt lat="35.918332" lon="53.264085"><ele>2489.912</ele><time>2020-06-17T10:22:28Z</time></trkpt><trkpt lat="35.918373" lon="53.264142"><ele>2490.813</ele><time>2020-06-17T10:22:31Z</time></trkpt><trkpt lat="35.918387" lon="53.264203"><ele>2492.596</ele><time>2020-06-17T10:22:35Z</time></trkpt><trkpt lat="35.918421" lon="53.264271"><ele>2494.259</ele><time>2020-06-17T10:22:38Z</time></trkpt><trkpt lat="35.918446" lon="53.264324"><ele>2495.338</ele><time>2020-06-17T10:22:40Z</time></trkpt><trkpt lat="35.918472" lon="53.264380"><ele>2496.270</ele><time>2020-06-17T10:22:42Z</time></trkpt><trkpt lat="35.918504" lon="53.264442"><ele>2496.617</ele><time>2020-06-17T10:22:44Z</time></trkpt><trkpt lat="35.918536" lon="53.264502"><ele>2497.308</ele><time>2020-06-17T10:22:47Z</time></trkpt><trkpt lat="35.918570" lon="53.264571"><ele>2498.148</ele><time>2020-06-17T10:22:49Z</time></trkpt><trkpt lat="35.918602" lon="53.264649"><ele>2499.075</ele><time>2020-06-17T10:22:51Z</time></trkpt><trkpt lat="35.918630" lon="53.264719"><ele>2499.721</ele><time>2020-06-17T10:22:53Z</time></trkpt><trkpt lat="35.918663" lon="53.264791"><ele>2500.315</ele><time>2020-06-17T10:22:55Z</time></trkpt><trkpt lat="35.918700" lon="53.264862"><ele>2501.072</ele><time>2020-06-17T10:22:57Z</time></trkpt><trkpt lat="35.918740" lon="53.264918"><ele>2501.643</ele><time>2020-06-17T10:22:59Z</time></trkpt><trkpt lat="35.918776" lon="53.264977"><ele>2502.176</ele><time>2020-06-17T10:23:01Z</time></trkpt><trkpt lat="35.918808" lon="53.265048"><ele>2502.489</ele><time>2020-06-17T10:23:03Z</time></trkpt><trkpt lat="35.918831" lon="53.265115"><ele>2503.229</ele><time>2020-06-17T10:23:05Z</time></trkpt><trkpt lat="35.918857" lon="53.265168"><ele>2504.100</ele><time>2020-06-17T10:23:07Z</time></trkpt><trkpt lat="35.918877" lon="53.265220"><ele>2505.020</ele><time>2020-06-17T10:23:09Z</time></trkpt><trkpt lat="35.918894" lon="53.265274"><ele>2506.008</ele><time>2020-06-17T10:23:11Z</time></trkpt><trkpt lat="35.918910" lon="53.265345"><ele>2507.067</ele><time>2020-06-17T10:23:13Z</time></trkpt><trkpt lat="35.918931" lon="53.265423"><ele>2507.944</ele><time>2020-06-17T10:23:15Z</time></trkpt><trkpt lat="35.918952" lon="53.265510"><ele>2508.770</ele><time>2020-06-17T10:23:17Z</time></trkpt><trkpt lat="35.918977" lon="53.265577"><ele>2509.514</ele><time>2020-06-17T10:23:19Z</time></trkpt><trkpt lat="35.919014" lon="53.265641"><ele>2510.391</ele><time>2020-06-17T10:23:21Z</time></trkpt><trkpt lat="35.919041" lon="53.265719"><ele>2511.242</ele><time>2020-06-17T10:23:23Z</time></trkpt><trkpt lat="35.919062" lon="53.265792"><ele>2512.185</ele><time>2020-06-17T10:23:25Z</time></trkpt><trkpt lat="35.919083" lon="53.265863"><ele>2513.088</ele><time>2020-06-17T10:23:27Z</time></trkpt><trkpt lat="35.919100" lon="53.265932"><ele>2513.598</ele><time>2020-06-17T10:23:29Z</time></trkpt><trkpt lat="35.919115" lon="53.266004"><ele>2514.415</ele><time>2020-06-17T10:23:31Z</time></trkpt><trkpt lat="35.919132" lon="53.266068"><ele>2515.326</ele><time>2020-06-17T10:23:33Z</time></trkpt><trkpt lat="35.919158" lon="53.266129"><ele>2516.108</ele><time>2020-06-17T10:23:35Z</time></trkpt><trkpt lat="35.919190" lon="53.266184"><ele>2516.964</ele><time>2020-06-17T10:23:37Z</time></trkpt><trkpt lat="35.919217" lon="53.266242"><ele>2517.721</ele><time>2020-06-17T10:23:39Z</time></trkpt><trkpt lat="35.919238" lon="53.266307"><ele>2518.597</ele><time>2020-06-17T10:23:41Z</time></trkpt><trkpt lat="35.919246" lon="53.266398"><ele>2519.471</ele><time>2020-06-17T10:23:43Z</time></trkpt><trkpt lat="35.919253" lon="53.266489"><ele>2520.248</ele><time>2020-06-17T10:23:45Z</time></trkpt><trkpt lat="35.919279" lon="53.266560"><ele>2521.149</ele><time>2020-06-17T10:23:47Z</time></trkpt><trkpt lat="35.919319" lon="53.266612"><ele>2522.082</ele><time>2020-06-17T10:23:49Z</time></trkpt><trkpt lat="35.919352" lon="53.266681"><ele>2523.085</ele><time>2020-06-17T10:23:51Z</time></trkpt><trkpt lat="35.919378" lon="53.266749"><ele>2523.923</ele><time>2020-06-17T10:23:53Z</time></trkpt><trkpt lat="35.919399" lon="53.266831"><ele>2524.383</ele><time>2020-06-17T10:23:55Z</time></trkpt><trkpt lat="35.919426" lon="53.266907"><ele>2525.211</ele><time>2020-06-17T10:23:57Z</time></trkpt><trkpt lat="35.919451" lon="53.266990"><ele>2526.108</ele><time>2020-06-17T10:23:59Z</time></trkpt><trkpt lat="35.919484" lon="53.267055"><ele>2527.057</ele><time>2020-06-17T10:24:01Z</time></trkpt><trkpt lat="35.919526" lon="53.267104"><ele>2527.994</ele><time>2020-06-17T10:24:03Z</time></trkpt><trkpt lat="35.919564" lon="53.267140"><ele>2528.890</ele><time>2020-06-17T10:24:05Z</time></trkpt><trkpt lat="35.919607" lon="53.267196"><ele>2530.114</ele><time>2020-06-17T10:24:08Z</time></trkpt><trkpt lat="35.919639" lon="53.267253"><ele>2531.071</ele><time>2020-06-17T10:24:10Z</time></trkpt><trkpt lat="35.919681" lon="53.267291"><ele>2532.082</ele><time>2020-06-17T10:24:12Z</time></trkpt><trkpt lat="35.919723" lon="53.267359"><ele>2534.045</ele><time>2020-06-17T10:24:16Z</time></trkpt><trkpt lat="35.919766" lon="53.267412"><ele>2534.848</ele><time>2020-06-17T10:24:18Z</time></trkpt><trkpt lat="35.919818" lon="53.267448"><ele>2535.695</ele><time>2020-06-17T10:24:20Z</time></trkpt><trkpt lat="35.919859" lon="53.267518"><ele>2536.049</ele><time>2020-06-17T10:24:22Z</time></trkpt><trkpt lat="35.919915" lon="53.267572"><ele>2537.023</ele><time>2020-06-17T10:24:24Z</time></trkpt><trkpt lat="35.919977" lon="53.267630"><ele>2538.108</ele><time>2020-06-17T10:24:26Z</time></trkpt><trkpt lat="35.920037" lon="53.267673"><ele>2539.224</ele><time>2020-06-17T10:24:28Z</time></trkpt><trkpt lat="35.920086" lon="53.267707"><ele>2540.291</ele><time>2020-06-17T10:24:30Z</time></trkpt><trkpt lat="35.920138" lon="53.267749"><ele>2541.227</ele><time>2020-06-17T10:24:32Z</time></trkpt><trkpt lat="35.920193" lon="53.267793"><ele>2542.251</ele><time>2020-06-17T10:24:34Z</time></trkpt><trkpt lat="35.920237" lon="53.267836"><ele>2543.228</ele><time>2020-06-17T10:24:36Z</time></trkpt><trkpt lat="35.920284" lon="53.267875"><ele>2544.149</ele><time>2020-06-17T10:24:38Z</time></trkpt><trkpt lat="35.920331" lon="53.267925"><ele>2545.092</ele><time>2020-06-17T10:24:40Z</time></trkpt><trkpt lat="35.920374" lon="53.267978"><ele>2546.045</ele><time>2020-06-17T10:24:42Z</time></trkpt><trkpt lat="35.920421" lon="53.268034"><ele>2547.026</ele><time>2020-06-17T10:24:44Z</time></trkpt><trkpt lat="35.920470" lon="53.268089"><ele>2547.947</ele><time>2020-06-17T10:24:46Z</time></trkpt><trkpt lat="35.920521" lon="53.268160"><ele>2548.311</ele><time>2020-06-17T10:24:48Z</time></trkpt><trkpt lat="35.920579" lon="53.268221"><ele>2549.208</ele><time>2020-06-17T10:24:50Z</time></trkpt><trkpt lat="35.920633" lon="53.268286"><ele>2550.167</ele><time>2020-06-17T10:24:52Z</time></trkpt><trkpt lat="35.920687" lon="53.268344"><ele>2551.114</ele><time>2020-06-17T10:24:54Z</time></trkpt><trkpt lat="35.920743" lon="53.268389"><ele>2552.120</ele><time>2020-06-17T10:24:56Z</time></trkpt><trkpt lat="35.920805" lon="53.268428"><ele>2553.264</ele><time>2020-06-17T10:24:58Z</time></trkpt><trkpt lat="35.920856" lon="53.268454"><ele>2554.181</ele><time>2020-06-17T10:25:00Z</time></trkpt><trkpt lat="35.920898" lon="53.268480"><ele>2555.072</ele><time>2020-06-17T10:25:02Z</time></trkpt><trkpt lat="35.920945" lon="53.268512"><ele>2555.955</ele><time>2020-06-17T10:25:04Z</time></trkpt><trkpt lat="35.921005" lon="53.268552"><ele>2556.878</ele><time>2020-06-17T10:25:06Z</time></trkpt><trkpt lat="35.921062" lon="53.268584"><ele>2557.645</ele><time>2020-06-17T10:25:08Z</time></trkpt><trkpt lat="35.921120" lon="53.268619"><ele>2558.347</ele><time>2020-06-17T10:25:10Z</time></trkpt><trkpt lat="35.921179" lon="53.268668"><ele>2559.011</ele><time>2020-06-17T10:25:12Z</time></trkpt><trkpt lat="35.921218" lon="53.268701"><ele>2559.308</ele><time>2020-06-17T10:25:14Z</time></trkpt><trkpt lat="35.921241" lon="53.268765"><ele>2560.389</ele><time>2020-06-17T10:25:17Z</time></trkpt><trkpt lat="35.921212" lon="53.268826"><ele>2561.526</ele><time>2020-06-17T10:25:20Z</time></trkpt><trkpt lat="35.921160" lon="53.268861"><ele>2562.462</ele><time>2020-06-17T10:25:23Z</time></trkpt><trkpt lat="35.921106" lon="53.268873"><ele>2562.516</ele><time>2020-06-17T10:25:26Z</time></trkpt><trkpt lat="35.921061" lon="53.268882"><ele>2562.523</ele><time>2020-06-17T10:25:28Z</time></trkpt><trkpt lat="35.921001" lon="53.268886"><ele>2562.954</ele><time>2020-06-17T10:25:30Z</time></trkpt><trkpt lat="35.920937" lon="53.268888"><ele>2563.647</ele><time>2020-06-17T10:25:32Z</time></trkpt><trkpt lat="35.920872" lon="53.268891"><ele>2564.510</ele><time>2020-06-17T10:25:34Z</time></trkpt><trkpt lat="35.920806" lon="53.268892"><ele>2565.291</ele><time>2020-06-17T10:25:36Z</time></trkpt><trkpt lat="35.920742" lon="53.268890"><ele>2565.981</ele><time>2020-06-17T10:25:38Z</time></trkpt><trkpt lat="35.920676" lon="53.268892"><ele>2566.319</ele><time>2020-06-17T10:25:40Z</time></trkpt><trkpt lat="35.920607" lon="53.268903"><ele>2567.008</ele><time>2020-06-17T10:25:42Z</time></trkpt><trkpt lat="35.920545" lon="53.268916"><ele>2567.674</ele><time>2020-06-17T10:25:44Z</time></trkpt><trkpt lat="35.920495" lon="53.268913"><ele>2567.991</ele><time>2020-06-17T10:25:46Z</time></trkpt><trkpt lat="35.920434" lon="53.268915"><ele>2568.467</ele><time>2020-06-17T10:25:49Z</time></trkpt><trkpt lat="35.920410" lon="53.268983"><ele>2569.081</ele><time>2020-06-17T10:25:52Z</time></trkpt><trkpt lat="35.920433" lon="53.269030"><ele>2569.058</ele><time>2020-06-17T10:25:54Z</time></trkpt><trkpt lat="35.920481" lon="53.269044"><ele>2568.979</ele><time>2020-06-17T10:25:56Z</time></trkpt><trkpt lat="35.920546" lon="53.269038"><ele>2569.082</ele><time>2020-06-17T10:25:58Z</time></trkpt><trkpt lat="35.920608" lon="53.269029"><ele>2569.715</ele><time>2020-06-17T10:26:00Z</time></trkpt><trkpt lat="35.920670" lon="53.269026"><ele>2570.739</ele><time>2020-06-17T10:26:02Z</time></trkpt><trkpt lat="35.920737" lon="53.269031"><ele>2571.801</ele><time>2020-06-17T10:26:04Z</time></trkpt><trkpt lat="35.920806" lon="53.269037"><ele>2572.721</ele><time>2020-06-17T10:26:06Z</time></trkpt><trkpt lat="35.920868" lon="53.269051"><ele>2573.108</ele><time>2020-06-17T10:26:08Z</time></trkpt><trkpt lat="35.920936" lon="53.269076"><ele>2573.928</ele><time>2020-06-17T10:26:10Z</time></trkpt><trkpt lat="35.921000" lon="53.269101"><ele>2574.755</ele><time>2020-06-17T10:26:12Z</time></trkpt><trkpt lat="35.921056" lon="53.269128"><ele>2575.621</ele><time>2020-06-17T10:26:14Z</time></trkpt><trkpt lat="35.921106" lon="53.269159"><ele>2576.425</ele><time>2020-06-17T10:26:16Z</time></trkpt><trkpt lat="35.921161" lon="53.269205"><ele>2577.312</ele><time>2020-06-17T10:26:18Z</time></trkpt><trkpt lat="35.921212" lon="53.269250"><ele>2578.253</ele><time>2020-06-17T10:26:20Z</time></trkpt><trkpt lat="35.921258" lon="53.269303"><ele>2579.196</ele><time>2020-06-17T10:26:22Z</time></trkpt><trkpt lat="35.921303" lon="53.269358"><ele>2579.919</ele><time>2020-06-17T10:26:24Z</time></trkpt><trkpt lat="35.921350" lon="53.269410"><ele>2580.652</ele><time>2020-06-17T10:26:26Z</time></trkpt><trkpt lat="35.921397" lon="53.269456"><ele>2581.253</ele><time>2020-06-17T10:26:28Z</time></trkpt><trkpt lat="35.921451" lon="53.269484"><ele>2581.808</ele><time>2020-06-17T10:26:30Z</time></trkpt><trkpt lat="35.921511" lon="53.269509"><ele>2582.508</ele><time>2020-06-17T10:26:32Z</time></trkpt><trkpt lat="35.921568" lon="53.269541"><ele>2582.980</ele><time>2020-06-17T10:26:34Z</time></trkpt><trkpt lat="35.921625" lon="53.269546"><ele>2583.877</ele><time>2020-06-17T10:26:36Z</time></trkpt><trkpt lat="35.921681" lon="53.269554"><ele>2584.743</ele><time>2020-06-17T10:26:38Z</time></trkpt><trkpt lat="35.921733" lon="53.269570"><ele>2585.627</ele><time>2020-06-17T10:26:40Z</time></trkpt><trkpt lat="35.921785" lon="53.269591"><ele>2586.734</ele><time>2020-06-17T10:26:42Z</time></trkpt><trkpt lat="35.921861" lon="53.269626"><ele>2588.085</ele><time>2020-06-17T10:26:44Z</time></trkpt><trkpt lat="35.921931" lon="53.269639"><ele>2589.268</ele><time>2020-06-17T10:26:46Z</time></trkpt><trkpt lat="35.922001" lon="53.269634"><ele>2590.291</ele><time>2020-06-17T10:26:48Z</time></trkpt><trkpt lat="35.922065" lon="53.269643"><ele>2591.392</ele><time>2020-06-17T10:26:50Z</time></trkpt><trkpt lat="35.922122" lon="53.269657"><ele>2592.573</ele><time>2020-06-17T10:26:52Z</time></trkpt><trkpt lat="35.922187" lon="53.269667"><ele>2593.520</ele><time>2020-06-17T10:26:54Z</time></trkpt><trkpt lat="35.922251" lon="53.269677"><ele>2594.508</ele><time>2020-06-17T10:26:56Z</time></trkpt><trkpt lat="35.922317" lon="53.269694"><ele>2595.584</ele><time>2020-06-17T10:26:58Z</time></trkpt><trkpt lat="35.922374" lon="53.269719"><ele>2596.051</ele><time>2020-06-17T10:27:00Z</time></trkpt><trkpt lat="35.922439" lon="53.269747"><ele>2597.027</ele><time>2020-06-17T10:27:02Z</time></trkpt><trkpt lat="35.922497" lon="53.269784"><ele>2597.951</ele><time>2020-06-17T10:27:04Z</time></trkpt><trkpt lat="35.922540" lon="53.269828"><ele>2598.668</ele><time>2020-06-17T10:27:06Z</time></trkpt><trkpt lat="35.922581" lon="53.269865"><ele>2599.249</ele><time>2020-06-17T10:27:08Z</time></trkpt><trkpt lat="35.922626" lon="53.269895"><ele>2599.952</ele><time>2020-06-17T10:27:10Z</time></trkpt><trkpt lat="35.922677" lon="53.269932"><ele>2600.725</ele><time>2020-06-17T10:27:12Z</time></trkpt><trkpt lat="35.922750" lon="53.269967"><ele>2601.629</ele><time>2020-06-17T10:27:14Z</time></trkpt><trkpt lat="35.922815" lon="53.269989"><ele>2602.600</ele><time>2020-06-17T10:27:16Z</time></trkpt><trkpt lat="35.922863" lon="53.270028"><ele>2603.720</ele><time>2020-06-17T10:27:18Z</time></trkpt><trkpt lat="35.922907" lon="53.270074"><ele>2604.808</ele><time>2020-06-17T10:27:20Z</time></trkpt><trkpt lat="35.922946" lon="53.270113"><ele>2605.727</ele><time>2020-06-17T10:27:22Z</time></trkpt><trkpt lat="35.922995" lon="53.270137"><ele>2606.644</ele><time>2020-06-17T10:27:24Z</time></trkpt><trkpt lat="35.923046" lon="53.270142"><ele>2607.690</ele><time>2020-06-17T10:27:26Z</time></trkpt><trkpt lat="35.923095" lon="53.270127"><ele>2608.124</ele><time>2020-06-17T10:27:28Z</time></trkpt><trkpt lat="35.923148" lon="53.270082"><ele>2609.071</ele><time>2020-06-17T10:27:30Z</time></trkpt><trkpt lat="35.923195" lon="53.270010"><ele>2609.642</ele><time>2020-06-17T10:27:32Z</time></trkpt><trkpt lat="35.923209" lon="53.269937"><ele>2610.265</ele><time>2020-06-17T10:27:34Z</time></trkpt><trkpt lat="35.923228" lon="53.269867"><ele>2611.038</ele><time>2020-06-17T10:27:36Z</time></trkpt><trkpt lat="35.923256" lon="53.269816"><ele>2611.869</ele><time>2020-06-17T10:27:38Z</time></trkpt><trkpt lat="35.923302" lon="53.269782"><ele>2612.604</ele><time>2020-06-17T10:27:40Z</time></trkpt><trkpt lat="35.923349" lon="53.269760"><ele>2613.624</ele><time>2020-06-17T10:27:42Z</time></trkpt><trkpt lat="35.923394" lon="53.269741"><ele>2614.408</ele><time>2020-06-17T10:27:44Z</time></trkpt><trkpt lat="35.923447" lon="53.269713"><ele>2615.221</ele><time>2020-06-17T10:27:46Z</time></trkpt><trkpt lat="35.923497" lon="53.269680"><ele>2616.198</ele><time>2020-06-17T10:27:48Z</time></trkpt><trkpt lat="35.923551" lon="53.269636"><ele>2617.254</ele><time>2020-06-17T10:27:50Z</time></trkpt><trkpt lat="35.923604" lon="53.269589"><ele>2618.198</ele><time>2020-06-17T10:27:52Z</time></trkpt><trkpt lat="35.923656" lon="53.269548"><ele>2619.025</ele><time>2020-06-17T10:27:54Z</time></trkpt><trkpt lat="35.923709" lon="53.269504"><ele>2619.546</ele><time>2020-06-17T10:27:56Z</time></trkpt><trkpt lat="35.923765" lon="53.269456"><ele>2620.469</ele><time>2020-06-17T10:27:58Z</time></trkpt><trkpt lat="35.923828" lon="53.269408"><ele>2621.222</ele><time>2020-06-17T10:28:00Z</time></trkpt><trkpt lat="35.923869" lon="53.269379"><ele>2621.586</ele><time>2020-06-17T10:28:01Z</time></trkpt><trkpt lat="35.923945" lon="53.269325"><ele>2621.860</ele><time>2020-06-17T10:28:02Z</time></trkpt><trkpt lat="35.923991" lon="53.269296"><ele>2622.326</ele><time>2020-06-17T10:28:03Z</time></trkpt><trkpt lat="35.924060" lon="53.269246"><ele>2622.708</ele><time>2020-06-17T10:28:04Z</time></trkpt><trkpt lat="35.924146" lon="53.269174"><ele>2623.823</ele><time>2020-06-17T10:28:06Z</time></trkpt><trkpt lat="35.924193" lon="53.269151"><ele>2624.570</ele><time>2020-06-17T10:28:07Z</time></trkpt><trkpt lat="35.924234" lon="53.269126"><ele>2627.036</ele><time>2020-06-17T10:28:10Z</time></trkpt><trkpt lat="35.924314" lon="53.269078"><ele>2628.760</ele><time>2020-06-17T10:28:12Z</time></trkpt><trkpt lat="35.924365" lon="53.269047"><ele>2630.587</ele><time>2020-06-17T10:28:15Z</time></trkpt><trkpt lat="35.924420" lon="53.269022"><ele>2631.888</ele><time>2020-06-17T10:28:18Z</time></trkpt><trkpt lat="35.924475" lon="53.268999"><ele>2632.231</ele><time>2020-06-17T10:28:20Z</time></trkpt><trkpt lat="35.924524" lon="53.268982"><ele>2633.274</ele><time>2020-06-17T10:28:22Z</time></trkpt><trkpt lat="35.924582" lon="53.268960"><ele>2634.355</ele><time>2020-06-17T10:28:24Z</time></trkpt><trkpt lat="35.924649" lon="53.268928"><ele>2635.307</ele><time>2020-06-17T10:28:26Z</time></trkpt><trkpt lat="35.924706" lon="53.268896"><ele>2636.417</ele><time>2020-06-17T10:28:28Z</time></trkpt><trkpt lat="35.924777" lon="53.268861"><ele>2638.008</ele><time>2020-06-17T10:28:31Z</time></trkpt><trkpt lat="35.924830" lon="53.268836"><ele>2639.020</ele><time>2020-06-17T10:28:33Z</time></trkpt><trkpt lat="35.924892" lon="53.268808"><ele>2640.067</ele><time>2020-06-17T10:28:35Z</time></trkpt><trkpt lat="35.924944" lon="53.268788"><ele>2641.273</ele><time>2020-06-17T10:28:37Z</time></trkpt><trkpt lat="35.925002" lon="53.268765"><ele>2642.967</ele><time>2020-06-17T10:28:39Z</time></trkpt><trkpt lat="35.925063" lon="53.268739"><ele>2644.424</ele><time>2020-06-17T10:28:41Z</time></trkpt><trkpt lat="35.925125" lon="53.268716"><ele>2645.535</ele><time>2020-06-17T10:28:43Z</time></trkpt><trkpt lat="35.925186" lon="53.268700"><ele>2646.348</ele><time>2020-06-17T10:28:45Z</time></trkpt><trkpt lat="35.925246" lon="53.268688"><ele>2647.221</ele><time>2020-06-17T10:28:47Z</time></trkpt><trkpt lat="35.925314" lon="53.268673"><ele>2647.627</ele><time>2020-06-17T10:28:49Z</time></trkpt><trkpt lat="35.925379" lon="53.268661"><ele>2648.268</ele><time>2020-06-17T10:28:51Z</time></trkpt><trkpt lat="35.925431" lon="53.268658"><ele>2648.514</ele><time>2020-06-17T10:28:53Z</time></trkpt><trkpt lat="35.925483" lon="53.268654"><ele>2648.908</ele><time>2020-06-17T10:28:55Z</time></trkpt><trkpt lat="35.925530" lon="53.268648"><ele>2649.847</ele><time>2020-06-17T10:28:57Z</time></trkpt><trkpt lat="35.925581" lon="53.268648"><ele>2651.114</ele><time>2020-06-17T10:28:59Z</time></trkpt><trkpt lat="35.925635" lon="53.268655"><ele>2652.410</ele><time>2020-06-17T10:29:01Z</time></trkpt><trkpt lat="35.925709" lon="53.268657"><ele>2653.634</ele><time>2020-06-17T10:29:03Z</time></trkpt><trkpt lat="35.925785" lon="53.268636"><ele>2654.721</ele><time>2020-06-17T10:29:05Z</time></trkpt><trkpt lat="35.925835" lon="53.268629"><ele>2655.862</ele><time>2020-06-17T10:29:07Z</time></trkpt><trkpt lat="35.925906" lon="53.268621"><ele>2657.625</ele><time>2020-06-17T10:29:10Z</time></trkpt><trkpt lat="35.925983" lon="53.268604"><ele>2659.328</ele><time>2020-06-17T10:29:13Z</time></trkpt><trkpt lat="35.926048" lon="53.268601"><ele>2659.841</ele><time>2020-06-17T10:29:15Z</time></trkpt><trkpt lat="35.926113" lon="53.268596"><ele>2660.981</ele><time>2020-06-17T10:29:17Z</time></trkpt><trkpt lat="35.926175" lon="53.268573"><ele>2662.009</ele><time>2020-06-17T10:29:19Z</time></trkpt><trkpt lat="35.926216" lon="53.268539"><ele>2663.008</ele><time>2020-06-17T10:29:21Z</time></trkpt><trkpt lat="35.926266" lon="53.268499"><ele>2663.979</ele><time>2020-06-17T10:29:23Z</time></trkpt><trkpt lat="35.926325" lon="53.268485"><ele>2664.896</ele><time>2020-06-17T10:29:25Z</time></trkpt><trkpt lat="35.926373" lon="53.268491"><ele>2665.862</ele><time>2020-06-17T10:29:27Z</time></trkpt><trkpt lat="35.926418" lon="53.268507"><ele>2666.856</ele><time>2020-06-17T10:29:29Z</time></trkpt><trkpt lat="35.926480" lon="53.268525"><ele>2667.893</ele><time>2020-06-17T10:29:31Z</time></trkpt><trkpt lat="35.926537" lon="53.268531"><ele>2668.844</ele><time>2020-06-17T10:29:33Z</time></trkpt><trkpt lat="35.926601" lon="53.268519"><ele>2669.867</ele><time>2020-06-17T10:29:35Z</time></trkpt><trkpt lat="35.926645" lon="53.268498"><ele>2670.610</ele><time>2020-06-17T10:29:37Z</time></trkpt><trkpt lat="35.926687" lon="53.268469"><ele>2671.186</ele><time>2020-06-17T10:29:40Z</time></trkpt><trkpt lat="35.926744" lon="53.268452"><ele>2672.560</ele><time>2020-06-17T10:29:46Z</time></trkpt><trkpt lat="35.926809" lon="53.268468"><ele>2673.226</ele><time>2020-06-17T10:29:48Z</time></trkpt><trkpt lat="35.926884" lon="53.268523"><ele>2674.008</ele><time>2020-06-17T10:29:50Z</time></trkpt><trkpt lat="35.926923" lon="53.268551"><ele>2674.443</ele><time>2020-06-17T10:29:51Z</time></trkpt><trkpt lat="35.926993" lon="53.268595"><ele>2675.380</ele><time>2020-06-17T10:29:53Z</time></trkpt><trkpt lat="35.927056" lon="53.268643"><ele>2676.326</ele><time>2020-06-17T10:29:55Z</time></trkpt><trkpt lat="35.927100" lon="53.268730"><ele>2677.470</ele><time>2020-06-17T10:29:57Z</time></trkpt><trkpt lat="35.927179" lon="53.268772"><ele>2678.527</ele><time>2020-06-17T10:29:59Z</time></trkpt><trkpt lat="35.927248" lon="53.268782"><ele>2679.718</ele><time>2020-06-17T10:30:01Z</time></trkpt><trkpt lat="35.927306" lon="53.268807"><ele>2682.771</ele><time>2020-06-17T10:30:07Z</time></trkpt><trkpt lat="35.927354" lon="53.268872"><ele>2684.074</ele><time>2020-06-17T10:30:09Z</time></trkpt><trkpt lat="35.927394" lon="53.268928"><ele>2685.385</ele><time>2020-06-17T10:30:11Z</time></trkpt><trkpt lat="35.927431" lon="53.269015"><ele>2686.589</ele><time>2020-06-17T10:30:13Z</time></trkpt><trkpt lat="35.927470" lon="53.269069"><ele>2687.717</ele><time>2020-06-17T10:30:15Z</time></trkpt><trkpt lat="35.927508" lon="53.269125"><ele>2688.908</ele><time>2020-06-17T10:30:17Z</time></trkpt><trkpt lat="35.927543" lon="53.269180"><ele>2690.233</ele><time>2020-06-17T10:30:19Z</time></trkpt><trkpt lat="35.927572" lon="53.269230"><ele>2691.450</ele><time>2020-06-17T10:30:21Z</time></trkpt><trkpt lat="35.927606" lon="53.269289"><ele>2692.526</ele><time>2020-06-17T10:30:23Z</time></trkpt><trkpt lat="35.927645" lon="53.269339"><ele>2693.690</ele><time>2020-06-17T10:30:25Z</time></trkpt><trkpt lat="35.927698" lon="53.269369"><ele>2695.567</ele><time>2020-06-17T10:30:28Z</time></trkpt><trkpt lat="35.927759" lon="53.269384"><ele>2697.388</ele><time>2020-06-17T10:30:31Z</time></trkpt><trkpt lat="35.927809" lon="53.269399"><ele>2697.871</ele><time>2020-06-17T10:30:33Z</time></trkpt><trkpt lat="35.927855" lon="53.269422"><ele>2698.914</ele><time>2020-06-17T10:30:35Z</time></trkpt><trkpt lat="35.927902" lon="53.269445"><ele>2699.996</ele><time>2020-06-17T10:30:37Z</time></trkpt><trkpt lat="35.927939" lon="53.269515"><ele>2700.931</ele><time>2020-06-17T10:30:39Z</time></trkpt><trkpt lat="35.927977" lon="53.269547"><ele>2701.924</ele><time>2020-06-17T10:30:41Z</time></trkpt><trkpt lat="35.928021" lon="53.269566"><ele>2703.008</ele><time>2020-06-17T10:30:43Z</time></trkpt><trkpt lat="35.928066" lon="53.269578"><ele>2704.174</ele><time>2020-06-17T10:30:45Z</time></trkpt><trkpt lat="35.928122" lon="53.269574"><ele>2705.281</ele><time>2020-06-17T10:30:47Z</time></trkpt><trkpt lat="35.928189" lon="53.269563"><ele>2706.377</ele><time>2020-06-17T10:30:49Z</time></trkpt><trkpt lat="35.928267" lon="53.269529"><ele>2707.351</ele><time>2020-06-17T10:30:51Z</time></trkpt><trkpt lat="35.928312" lon="53.269619"><ele>2708.388</ele><time>2020-06-17T10:30:53Z</time></trkpt><trkpt lat="35.928268" lon="53.269844"><ele>2708.819</ele><time>2020-06-17T10:30:54Z</time></trkpt><trkpt lat="35.928300" lon="53.269884"><ele>2709.852</ele><time>2020-06-17T10:30:56Z</time></trkpt><trkpt lat="35.928312" lon="53.269957"><ele>2710.865</ele><time>2020-06-17T10:30:58Z</time></trkpt><trkpt lat="35.928370" lon="53.269993"><ele>2711.951</ele><time>2020-06-17T10:31:01Z</time></trkpt><trkpt lat="35.928438" lon="53.270036"><ele>2713.001</ele><time>2020-06-17T10:31:03Z</time></trkpt><trkpt lat="35.928589" lon="53.269868"><ele>2713.511</ele><time>2020-06-17T10:31:04Z</time></trkpt><trkpt lat="35.928608" lon="53.269934"><ele>2714.608</ele><time>2020-06-17T10:31:06Z</time></trkpt><trkpt lat="35.928603" lon="53.270034"><ele>2715.950</ele><time>2020-06-17T10:31:08Z</time></trkpt><trkpt lat="35.928603" lon="53.270089"><ele>2716.597</ele><time>2020-06-17T10:31:09Z</time></trkpt><trkpt lat="35.928622" lon="53.270184"><ele>2717.783</ele><time>2020-06-17T10:31:11Z</time></trkpt><trkpt lat="35.928634" lon="53.270241"><ele>2718.387</ele><time>2020-06-17T10:31:12Z</time></trkpt><trkpt lat="35.928679" lon="53.270321"><ele>2719.594</ele><time>2020-06-17T10:31:14Z</time></trkpt><trkpt lat="35.928718" lon="53.270396"><ele>2720.795</ele><time>2020-06-17T10:31:16Z</time></trkpt><trkpt lat="35.928744" lon="53.270477"><ele>2721.868</ele><time>2020-06-17T10:31:18Z</time></trkpt><trkpt lat="35.928755" lon="53.270532"><ele>2722.361</ele><time>2020-06-17T10:31:19Z</time></trkpt><trkpt lat="35.928795" lon="53.270598"><ele>2723.323</ele><time>2020-06-17T10:31:21Z</time></trkpt><trkpt lat="35.928854" lon="53.270619"><ele>2724.383</ele><time>2020-06-17T10:31:23Z</time></trkpt><trkpt lat="35.928873" lon="53.270672"><ele>2724.911</ele><time>2020-06-17T10:31:24Z</time></trkpt><trkpt lat="35.928876" lon="53.270737"><ele>2724.908</ele><time>2020-06-17T10:31:25Z</time></trkpt><trkpt lat="35.928890" lon="53.270819"><ele>2726.077</ele><time>2020-06-17T10:31:27Z</time></trkpt><trkpt lat="35.928913" lon="53.270877"><ele>2727.054</ele><time>2020-06-17T10:31:29Z</time></trkpt><trkpt lat="35.928982" lon="53.270896"><ele>2728.290</ele><time>2020-06-17T10:31:32Z</time></trkpt><trkpt lat="35.929026" lon="53.270875"><ele>2728.994</ele><time>2020-06-17T10:31:34Z</time></trkpt><trkpt lat="35.929073" lon="53.270857"><ele>2729.881</ele><time>2020-06-17T10:31:37Z</time></trkpt><trkpt lat="35.929127" lon="53.270770"><ele>2730.612</ele><time>2020-06-17T10:31:40Z</time></trkpt><trkpt lat="35.929147" lon="53.270678"><ele>2730.925</ele><time>2020-06-17T10:31:42Z</time></trkpt><trkpt lat="35.929038" lon="53.270554"><ele>2731.198</ele><time>2020-06-17T10:31:43Z</time></trkpt><trkpt lat="35.928953" lon="53.270457"><ele>2731.358</ele><time>2020-06-17T10:31:44Z</time></trkpt><trkpt lat="35.928886" lon="53.270379"><ele>2731.552</ele><time>2020-06-17T10:31:45Z</time></trkpt><trkpt lat="35.928829" lon="53.270300"><ele>2731.817</ele><time>2020-06-17T10:31:46Z</time></trkpt><trkpt lat="35.928779" lon="53.270224"><ele>2732.108</ele><time>2020-06-17T10:31:47Z</time></trkpt><trkpt lat="35.928736" lon="53.270153"><ele>2732.410</ele><time>2020-06-17T10:31:48Z</time></trkpt><trkpt lat="35.928706" lon="53.270100"><ele>2732.717</ele><time>2020-06-17T10:31:49Z</time></trkpt><trkpt lat="35.928677" lon="53.270036"><ele>2733.113</ele><time>2020-06-17T10:31:50Z</time></trkpt><trkpt lat="35.928651" lon="53.269965"><ele>2733.117</ele><time>2020-06-17T10:31:51Z</time></trkpt><trkpt lat="35.928632" lon="53.269893"><ele>2733.934</ele><time>2020-06-17T10:31:52Z</time></trkpt><trkpt lat="35.928619" lon="53.269822"><ele>2733.965</ele><time>2020-06-17T10:31:53Z</time></trkpt><trkpt lat="35.928611" lon="53.269753"><ele>2734.458</ele><time>2020-06-17T10:31:54Z</time></trkpt><trkpt lat="35.928707" lon="53.269493"><ele>2734.841</ele><time>2020-06-17T10:31:55Z</time></trkpt><trkpt lat="35.928821" lon="53.269294"><ele>2735.166</ele><time>2020-06-17T10:31:56Z</time></trkpt><trkpt lat="35.928899" lon="53.269155"><ele>2735.529</ele><time>2020-06-17T10:31:57Z</time></trkpt><trkpt lat="35.928949" lon="53.269059"><ele>2735.821</ele><time>2020-06-17T10:31:58Z</time></trkpt><trkpt lat="35.928972" lon="53.268991"><ele>2736.208</ele><time>2020-06-17T10:31:59Z</time></trkpt><trkpt lat="35.928992" lon="53.268938"><ele>2736.681</ele><time>2020-06-17T10:32:00Z</time></trkpt><trkpt lat="35.928996" lon="53.268848"><ele>2737.668</ele><time>2020-06-17T10:32:02Z</time></trkpt><trkpt lat="35.928969" lon="53.268768"><ele>2738.644</ele><time>2020-06-17T10:32:04Z</time></trkpt><trkpt lat="35.928874" lon="53.268684"><ele>2739.038</ele><time>2020-06-17T10:32:05Z</time></trkpt><trkpt lat="35.928641" lon="53.268632"><ele>2739.355</ele><time>2020-06-17T10:32:06Z</time></trkpt><trkpt lat="35.928606" lon="53.268538"><ele>2739.816</ele><time>2020-06-17T10:32:08Z</time></trkpt><trkpt lat="35.928586" lon="53.268480"><ele>2740.139</ele><time>2020-06-17T10:32:09Z</time></trkpt><trkpt lat="35.928559" lon="53.268431"><ele>2740.362</ele><time>2020-06-17T10:32:10Z</time></trkpt><trkpt lat="35.928544" lon="53.268376"><ele>2740.663</ele><time>2020-06-17T10:32:11Z</time></trkpt><trkpt lat="35.928509" lon="53.268280"><ele>2740.944</ele><time>2020-06-17T10:32:13Z</time></trkpt><trkpt lat="35.928475" lon="53.268191"><ele>2741.118</ele><time>2020-06-17T10:32:15Z</time></trkpt><trkpt lat="35.928379" lon="53.268200"><ele>2741.408</ele><time>2020-06-17T10:32:17Z</time></trkpt><trkpt lat="35.928322" lon="53.268227"><ele>2741.421</ele><time>2020-06-17T10:32:18Z</time></trkpt><trkpt lat="35.928277" lon="53.268237"><ele>2741.648</ele><time>2020-06-17T10:32:19Z</time></trkpt><trkpt lat="35.928212" lon="53.268222"><ele>2741.934</ele><time>2020-06-17T10:32:21Z</time></trkpt><trkpt lat="35.928166" lon="53.268179"><ele>2742.358</ele><time>2020-06-17T10:32:23Z</time></trkpt><trkpt lat="35.928123" lon="53.268141"><ele>2742.915</ele><time>2020-06-17T10:32:25Z</time></trkpt><trkpt lat="35.928190" lon="53.268227"><ele>2744.166</ele><time>2020-06-17T10:32:28Z</time></trkpt><trkpt lat="35.928242" lon="53.268270"><ele>2744.589</ele><time>2020-06-17T10:32:29Z</time></trkpt><trkpt lat="35.928316" lon="53.268237"><ele>2745.012</ele><time>2020-06-17T10:32:30Z</time></trkpt><trkpt lat="35.928474" lon="53.268245"><ele>2745.533</ele><time>2020-06-17T10:32:31Z</time></trkpt><trkpt lat="35.928595" lon="53.268249"><ele>2746.023</ele><time>2020-06-17T10:32:32Z</time></trkpt><trkpt lat="35.928690" lon="53.268250"><ele>2746.515</ele><time>2020-06-17T10:32:33Z</time></trkpt><trkpt lat="35.928504" lon="53.269084"><ele>2747.008</ele><time>2020-06-17T10:32:34Z</time></trkpt><trkpt lat="35.928528" lon="53.269143"><ele>2748.178</ele><time>2020-06-17T10:32:36Z</time></trkpt><trkpt lat="35.928578" lon="53.269219"><ele>2749.275</ele><time>2020-06-17T10:32:38Z</time></trkpt><trkpt lat="35.928784" lon="53.269264"><ele>2749.771</ele><time>2020-06-17T10:32:39Z</time></trkpt><trkpt lat="35.928834" lon="53.269200"><ele>2750.225</ele><time>2020-06-17T10:32:40Z</time></trkpt><trkpt lat="35.928899" lon="53.269203"><ele>2751.392</ele><time>2020-06-17T10:32:42Z</time></trkpt><trkpt lat="35.928962" lon="53.269230"><ele>2752.423</ele><time>2020-06-17T10:32:44Z</time></trkpt><trkpt lat="35.928987" lon="53.269276"><ele>2752.946</ele><time>2020-06-17T10:32:45Z</time></trkpt><trkpt lat="35.929022" lon="53.269353"><ele>2753.349</ele><time>2020-06-17T10:32:47Z</time></trkpt><trkpt lat="35.929083" lon="53.269376"><ele>2754.756</ele><time>2020-06-17T10:32:50Z</time></trkpt><trkpt lat="35.929127" lon="53.269400"><ele>2755.759</ele><time>2020-06-17T10:32:52Z</time></trkpt><trkpt lat="35.929176" lon="53.269445"><ele>2756.814</ele><time>2020-06-17T10:32:54Z</time></trkpt><trkpt lat="35.929188" lon="53.269501"><ele>2757.408</ele><time>2020-06-17T10:32:55Z</time></trkpt><trkpt lat="35.929216" lon="53.269595"><ele>2758.730</ele><time>2020-06-17T10:32:57Z</time></trkpt><trkpt lat="35.929239" lon="53.269700"><ele>2759.877</ele><time>2020-06-17T10:32:59Z</time></trkpt><trkpt lat="35.929246" lon="53.269757"><ele>2760.483</ele><time>2020-06-17T10:33:00Z</time></trkpt><trkpt lat="35.929268" lon="53.269860"><ele>2761.547</ele><time>2020-06-17T10:33:02Z</time></trkpt><trkpt lat="35.929454" lon="53.269645"><ele>2762.684</ele><time>2020-06-17T10:33:04Z</time></trkpt><trkpt lat="35.929391" lon="53.270056"><ele>2763.195</ele><time>2020-06-17T10:33:05Z</time></trkpt><trkpt lat="35.929367" lon="53.270188"><ele>2763.668</ele><time>2020-06-17T10:33:06Z</time></trkpt><trkpt lat="35.929373" lon="53.270272"><ele>2764.151</ele><time>2020-06-17T10:33:07Z</time></trkpt><trkpt lat="35.929405" lon="53.270335"><ele>2765.368</ele><time>2020-06-17T10:33:09Z</time></trkpt><trkpt lat="35.929434" lon="53.270398"><ele>2765.942</ele><time>2020-06-17T10:33:11Z</time></trkpt><trkpt lat="35.929487" lon="53.270471"><ele>2767.626</ele><time>2020-06-17T10:33:14Z</time></trkpt><trkpt lat="35.929528" lon="53.270540"><ele>2768.608</ele><time>2020-06-17T10:33:16Z</time></trkpt><trkpt lat="35.929575" lon="53.270592"><ele>2769.751</ele><time>2020-06-17T10:33:18Z</time></trkpt><trkpt lat="35.929622" lon="53.270641"><ele>2770.868</ele><time>2020-06-17T10:33:20Z</time></trkpt><trkpt lat="35.929674" lon="53.270722"><ele>2771.864</ele><time>2020-06-17T10:33:22Z</time></trkpt><trkpt lat="35.929710" lon="53.270760"><ele>2772.378</ele><time>2020-06-17T10:33:23Z</time></trkpt><trkpt lat="35.929789" lon="53.270844"><ele>2773.325</ele><time>2020-06-17T10:33:25Z</time></trkpt><trkpt lat="35.929835" lon="53.270878"><ele>2773.836</ele><time>2020-06-17T10:33:26Z</time></trkpt><trkpt lat="35.929882" lon="53.270908"><ele>2774.389</ele><time>2020-06-17T10:33:27Z</time></trkpt><trkpt lat="35.929929" lon="53.270961"><ele>2775.172</ele><time>2020-06-17T10:33:29Z</time></trkpt><trkpt lat="35.929946" lon="53.271024"><ele>2775.753</ele><time>2020-06-17T10:33:31Z</time></trkpt><trkpt lat="35.929939" lon="53.271115"><ele>2776.204</ele><time>2020-06-17T10:33:33Z</time></trkpt><trkpt lat="35.929971" lon="53.271160"><ele>2776.814</ele><time>2020-06-17T10:33:35Z</time></trkpt><trkpt lat="35.929992" lon="53.271238"><ele>2777.508</ele><time>2020-06-17T10:33:38Z</time></trkpt><trkpt lat="35.930018" lon="53.271292"><ele>2778.290</ele><time>2020-06-17T10:33:40Z</time></trkpt><trkpt lat="35.930061" lon="53.271332"><ele>2779.027</ele><time>2020-06-17T10:33:42Z</time></trkpt><trkpt lat="35.930082" lon="53.271382"><ele>2780.353</ele><time>2020-06-17T10:33:45Z</time></trkpt><trkpt lat="35.930115" lon="53.271450"><ele>2781.327</ele><time>2020-06-17T10:33:47Z</time></trkpt><trkpt lat="35.930161" lon="53.271534"><ele>2782.624</ele><time>2020-06-17T10:33:49Z</time></trkpt><trkpt lat="35.930208" lon="53.271646"><ele>2784.065</ele><time>2020-06-17T10:33:51Z</time></trkpt><trkpt lat="35.930229" lon="53.271700"><ele>2784.788</ele><time>2020-06-17T10:33:52Z</time></trkpt><trkpt lat="35.930269" lon="53.271751"><ele>2786.091</ele><time>2020-06-17T10:33:54Z</time></trkpt><trkpt lat="35.930309" lon="53.271806"><ele>2788.044</ele><time>2020-06-17T10:33:57Z</time></trkpt><trkpt lat="35.930365" lon="53.271860"><ele>2790.005</ele><time>2020-06-17T10:34:00Z</time></trkpt><trkpt lat="35.930402" lon="53.271897"><ele>2791.315</ele><time>2020-06-17T10:34:02Z</time></trkpt><trkpt lat="35.930448" lon="53.271917"><ele>2792.508</ele><time>2020-06-17T10:34:05Z</time></trkpt><trkpt lat="35.930498" lon="53.271931"><ele>2794.169</ele><time>2020-06-17T10:34:08Z</time></trkpt><trkpt lat="35.930534" lon="53.271970"><ele>2795.016</ele><time>2020-06-17T10:34:10Z</time></trkpt><trkpt lat="35.930576" lon="53.272004"><ele>2795.972</ele><time>2020-06-17T10:34:12Z</time></trkpt><trkpt lat="35.930622" lon="53.272021"><ele>2796.996</ele><time>2020-06-17T10:34:14Z</time></trkpt><trkpt lat="35.930676" lon="53.272046"><ele>2798.053</ele><time>2020-06-17T10:34:16Z</time></trkpt><trkpt lat="35.930730" lon="53.272066"><ele>2799.224</ele><time>2020-06-17T10:34:18Z</time></trkpt><trkpt lat="35.930789" lon="53.272096"><ele>2800.457</ele><time>2020-06-17T10:34:20Z</time></trkpt><trkpt lat="35.930843" lon="53.272140"><ele>2801.670</ele><time>2020-06-17T10:34:22Z</time></trkpt><trkpt lat="35.930891" lon="53.272176"><ele>2802.851</ele><time>2020-06-17T10:34:24Z</time></trkpt><trkpt lat="35.930939" lon="53.272213"><ele>2804.001</ele><time>2020-06-17T10:34:26Z</time></trkpt><trkpt lat="35.930978" lon="53.272254"><ele>2805.211</ele><time>2020-06-17T10:34:28Z</time></trkpt><trkpt lat="35.931009" lon="53.272322"><ele>2806.408</ele><time>2020-06-17T10:34:30Z</time></trkpt><trkpt lat="35.931045" lon="53.272392"><ele>2807.010</ele><time>2020-06-17T10:34:32Z</time></trkpt><trkpt lat="35.931083" lon="53.272466"><ele>2808.337</ele><time>2020-06-17T10:34:34Z</time></trkpt><trkpt lat="35.931124" lon="53.272533"><ele>2809.733</ele><time>2020-06-17T10:34:36Z</time></trkpt><trkpt lat="35.931172" lon="53.272621"><ele>2811.057</ele><time>2020-06-17T10:34:38Z</time></trkpt><trkpt lat="35.931218" lon="53.272701"><ele>2812.154</ele><time>2020-06-17T10:34:40Z</time></trkpt><trkpt lat="35.931271" lon="53.272785"><ele>2813.225</ele><time>2020-06-17T10:34:42Z</time></trkpt><trkpt lat="35.931328" lon="53.272864"><ele>2814.388</ele><time>2020-06-17T10:34:44Z</time></trkpt><trkpt lat="35.931335" lon="53.272922"><ele>2814.891</ele><time>2020-06-17T10:34:45Z</time></trkpt><trkpt lat="35.931459" lon="53.273135"><ele>2819.151</ele><time>2020-06-17T10:34:51Z</time></trkpt><trkpt lat="35.931649" lon="53.273197"><ele>2823.101</ele><time>2020-06-17T10:34:58Z</time></trkpt><trkpt lat="35.931737" lon="53.273042"><ele>2823.411</ele><time>2020-06-17T10:34:59Z</time></trkpt><trkpt lat="35.931798" lon="53.272943"><ele>2823.708</ele><time>2020-06-17T10:35:00Z</time></trkpt><trkpt lat="35.931873" lon="53.272852"><ele>2824.120</ele><time>2020-06-17T10:35:01Z</time></trkpt><trkpt lat="35.931937" lon="53.272806"><ele>2824.687</ele><time>2020-06-17T10:35:02Z</time></trkpt><trkpt lat="35.931992" lon="53.272781"><ele>2825.223</ele><time>2020-06-17T10:35:03Z</time></trkpt><trkpt lat="35.932041" lon="53.272768"><ele>2825.937</ele><time>2020-06-17T10:35:04Z</time></trkpt><trkpt lat="35.932127" lon="53.272757"><ele>2827.464</ele><time>2020-06-17T10:35:06Z</time></trkpt><trkpt lat="35.932201" lon="53.272746"><ele>2828.745</ele><time>2020-06-17T10:35:08Z</time></trkpt><trkpt lat="35.932154" lon="53.272073"><ele>2830.038</ele><time>2020-06-17T10:35:10Z</time></trkpt><trkpt lat="35.932211" lon="53.272505"><ele>2830.641</ele><time>2020-06-17T10:35:11Z</time></trkpt><trkpt lat="35.932223" lon="53.272611"><ele>2831.218</ele><time>2020-06-17T10:35:12Z</time></trkpt><trkpt lat="35.932255" lon="53.272654"><ele>2831.998</ele><time>2020-06-17T10:35:13Z</time></trkpt><trkpt lat="35.932317" lon="53.272709"><ele>2833.417</ele><time>2020-06-17T10:35:15Z</time></trkpt><trkpt lat="35.932374" lon="53.272769"><ele>2834.908</ele><time>2020-06-17T10:35:17Z</time></trkpt><trkpt lat="35.932429" lon="53.272833"><ele>2836.466</ele><time>2020-06-17T10:35:19Z</time></trkpt><trkpt lat="35.932494" lon="53.272895"><ele>2837.843</ele><time>2020-06-17T10:35:21Z</time></trkpt><trkpt lat="35.932560" lon="53.272944"><ele>2839.239</ele><time>2020-06-17T10:35:23Z</time></trkpt><trkpt lat="35.932604" lon="53.273012"><ele>2839.813</ele><time>2020-06-17T10:35:25Z</time></trkpt><trkpt lat="35.932643" lon="53.273083"><ele>2841.170</ele><time>2020-06-17T10:35:27Z</time></trkpt><trkpt lat="35.932670" lon="53.273129"><ele>2841.721</ele><time>2020-06-17T10:35:28Z</time></trkpt><trkpt lat="35.932732" lon="53.273194"><ele>2842.964</ele><time>2020-06-17T10:35:30Z</time></trkpt><trkpt lat="35.932789" lon="53.273232"><ele>2844.317</ele><time>2020-06-17T10:35:32Z</time></trkpt><trkpt lat="35.932838" lon="53.273282"><ele>2845.722</ele><time>2020-06-17T10:35:34Z</time></trkpt><trkpt lat="35.932887" lon="53.273335"><ele>2847.262</ele><time>2020-06-17T10:35:36Z</time></trkpt><trkpt lat="35.932932" lon="53.273382"><ele>2848.608</ele><time>2020-06-17T10:35:38Z</time></trkpt><trkpt lat="35.932974" lon="53.273424"><ele>2850.208</ele><time>2020-06-17T10:35:40Z</time></trkpt><trkpt lat="35.932998" lon="53.273471"><ele>2851.797</ele><time>2020-06-17T10:35:42Z</time></trkpt><trkpt lat="35.932979" lon="53.273564"><ele>2853.044</ele><time>2020-06-17T10:35:44Z</time></trkpt><trkpt lat="35.932974" lon="53.273628"><ele>2854.390</ele><time>2020-06-17T10:35:46Z</time></trkpt><trkpt lat="35.933231" lon="53.273706"><ele>2857.424</ele><time>2020-06-17T10:35:51Z</time></trkpt><trkpt lat="35.933290" lon="53.273724"><ele>2858.111</ele><time>2020-06-17T10:35:53Z</time></trkpt><trkpt lat="35.933341" lon="53.273752"><ele>2859.462</ele><time>2020-06-17T10:35:55Z</time></trkpt><trkpt lat="35.933385" lon="53.273791"><ele>2860.795</ele><time>2020-06-17T10:35:57Z</time></trkpt><trkpt lat="35.933425" lon="53.273844"><ele>2862.078</ele><time>2020-06-17T10:35:59Z</time></trkpt><trkpt lat="35.933464" lon="53.273885"><ele>2862.655</ele><time>2020-06-17T10:36:01Z</time></trkpt><trkpt lat="35.933508" lon="53.273944"><ele>2863.807</ele><time>2020-06-17T10:36:03Z</time></trkpt><trkpt lat="35.933546" lon="53.274011"><ele>2864.817</ele><time>2020-06-17T10:36:05Z</time></trkpt><trkpt lat="35.933583" lon="53.274080"><ele>2865.908</ele><time>2020-06-17T10:36:07Z</time></trkpt><trkpt lat="35.933615" lon="53.274152"><ele>2867.050</ele><time>2020-06-17T10:36:09Z</time></trkpt><trkpt lat="35.933663" lon="53.274192"><ele>2868.267</ele><time>2020-06-17T10:36:11Z</time></trkpt><trkpt lat="35.933712" lon="53.274198"><ele>2869.623</ele><time>2020-06-17T10:36:13Z</time></trkpt><trkpt lat="35.933773" lon="53.274219"><ele>2871.827</ele><time>2020-06-17T10:36:16Z</time></trkpt><trkpt lat="35.933841" lon="53.274241"><ele>2873.234</ele><time>2020-06-17T10:36:18Z</time></trkpt><trkpt lat="35.933909" lon="53.274259"><ele>2874.775</ele><time>2020-06-17T10:36:20Z</time></trkpt><trkpt lat="35.933974" lon="53.274268"><ele>2875.378</ele><time>2020-06-17T10:36:22Z</time></trkpt><trkpt lat="35.934038" lon="53.274272"><ele>2876.781</ele><time>2020-06-17T10:36:24Z</time></trkpt><trkpt lat="35.934137" lon="53.274010"><ele>2877.869</ele><time>2020-06-17T10:36:26Z</time></trkpt><trkpt lat="35.934166" lon="53.273945"><ele>2878.604</ele><time>2020-06-17T10:36:28Z</time></trkpt><trkpt lat="35.934172" lon="53.273889"><ele>2879.024</ele><time>2020-06-17T10:36:29Z</time></trkpt><trkpt lat="35.934162" lon="53.273804"><ele>2879.708</ele><time>2020-06-17T10:36:31Z</time></trkpt><trkpt lat="35.934162" lon="53.273736"><ele>2880.091</ele><time>2020-06-17T10:36:32Z</time></trkpt><trkpt lat="35.934026" lon="53.273780"><ele>2880.478</ele><time>2020-06-17T10:36:33Z</time></trkpt><trkpt lat="35.933982" lon="53.273744"><ele>2880.854</ele><time>2020-06-17T10:36:34Z</time></trkpt><trkpt lat="35.933952" lon="53.273686"><ele>2881.258</ele><time>2020-06-17T10:36:35Z</time></trkpt><trkpt lat="35.933900" lon="53.273654"><ele>2881.625</ele><time>2020-06-17T10:36:36Z</time></trkpt><trkpt lat="35.933865" lon="53.273610"><ele>2882.076</ele><time>2020-06-17T10:36:37Z</time></trkpt><trkpt lat="35.933848" lon="53.273514"><ele>2882.869</ele><time>2020-06-17T10:36:39Z</time></trkpt><trkpt lat="35.933806" lon="53.273485"><ele>2883.132</ele><time>2020-06-17T10:36:40Z</time></trkpt><trkpt lat="35.933770" lon="53.273444"><ele>2883.363</ele><time>2020-06-17T10:36:41Z</time></trkpt><trkpt lat="35.933593" lon="53.273373"><ele>2883.544</ele><time>2020-06-17T10:36:42Z</time></trkpt><trkpt lat="35.933531" lon="53.273412"><ele>2883.618</ele><time>2020-06-17T10:36:43Z</time></trkpt><trkpt lat="35.933364" lon="53.273235"><ele>2883.708</ele><time>2020-06-17T10:36:44Z</time></trkpt><trkpt lat="35.933288" lon="53.273104"><ele>2883.821</ele><time>2020-06-17T10:36:45Z</time></trkpt><trkpt lat="35.933179" lon="53.273076"><ele>2884.128</ele><time>2020-06-17T10:36:47Z</time></trkpt><trkpt lat="35.933120" lon="53.273116"><ele>2884.334</ele><time>2020-06-17T10:36:48Z</time></trkpt><trkpt lat="35.933058" lon="53.273069"><ele>2884.418</ele><time>2020-06-17T10:36:49Z</time></trkpt><trkpt lat="35.933003" lon="53.273016"><ele>2884.455</ele><time>2020-06-17T10:36:50Z</time></trkpt><trkpt lat="35.932943" lon="53.272971"><ele>2884.516</ele><time>2020-06-17T10:36:51Z</time></trkpt><trkpt lat="35.932885" lon="53.272924"><ele>2884.639</ele><time>2020-06-17T10:36:52Z</time></trkpt><trkpt lat="35.932824" lon="53.272874"><ele>2884.792</ele><time>2020-06-17T10:36:53Z</time></trkpt><trkpt lat="35.932741" lon="53.272820"><ele>2884.835</ele><time>2020-06-17T10:36:54Z</time></trkpt><trkpt lat="35.932621" lon="53.272642"><ele>2885.586</ele><time>2020-06-17T10:36:57Z</time></trkpt><trkpt lat="35.932599" lon="53.272576"><ele>2885.914</ele><time>2020-06-17T10:36:58Z</time></trkpt><trkpt lat="35.932565" lon="53.272513"><ele>2886.308</ele><time>2020-06-17T10:36:59Z</time></trkpt><trkpt lat="35.932530" lon="53.272452"><ele>2886.868</ele><time>2020-06-17T10:37:00Z</time></trkpt><trkpt lat="35.932505" lon="53.272394"><ele>2887.315</ele><time>2020-06-17T10:37:01Z</time></trkpt><trkpt lat="35.932491" lon="53.272323"><ele>2887.881</ele><time>2020-06-17T10:37:02Z</time></trkpt><trkpt lat="35.932477" lon="53.272243"><ele>2888.135</ele><time>2020-06-17T10:37:03Z</time></trkpt><trkpt lat="35.932461" lon="53.272159"><ele>2888.452</ele><time>2020-06-17T10:37:04Z</time></trkpt><trkpt lat="35.932443" lon="53.272071"><ele>2888.883</ele><time>2020-06-17T10:37:05Z</time></trkpt><trkpt lat="35.932415" lon="53.272001"><ele>2889.066</ele><time>2020-06-17T10:37:06Z</time></trkpt><trkpt lat="35.932382" lon="53.271930"><ele>2889.319</ele><time>2020-06-17T10:37:07Z</time></trkpt><trkpt lat="35.932348" lon="53.271857"><ele>2889.651</ele><time>2020-06-17T10:37:08Z</time></trkpt><trkpt lat="35.932287" lon="53.271729"><ele>2890.001</ele><time>2020-06-17T10:37:09Z</time></trkpt><trkpt lat="35.932306" lon="53.271575"><ele>2890.311</ele><time>2020-06-17T10:37:10Z</time></trkpt><trkpt lat="35.932486" lon="53.271436"><ele>2890.708</ele><time>2020-06-17T10:37:11Z</time></trkpt><trkpt lat="35.932399" lon="53.271296"><ele>2891.180</ele><time>2020-06-17T10:37:12Z</time></trkpt><trkpt lat="35.932370" lon="53.271228"><ele>2891.597</ele><time>2020-06-17T10:37:13Z</time></trkpt><trkpt lat="35.932407" lon="53.271280"><ele>2892.343</ele><time>2020-06-17T10:37:15Z</time></trkpt><trkpt lat="35.932365" lon="53.271177"><ele>2892.717</ele><time>2020-06-17T10:37:17Z</time></trkpt><trkpt lat="35.932337" lon="53.271101"><ele>2893.814</ele><time>2020-06-17T10:37:20Z</time></trkpt><trkpt lat="35.932287" lon="53.271007"><ele>2894.775</ele><time>2020-06-17T10:37:22Z</time></trkpt><trkpt lat="35.932377" lon="53.271058"><ele>2895.678</ele><time>2020-06-17T10:37:24Z</time></trkpt><trkpt lat="35.932453" lon="53.271150"><ele>2896.031</ele><time>2020-06-17T10:37:25Z</time></trkpt><trkpt lat="35.932500" lon="53.271118"><ele>2897.094</ele><time>2020-06-17T10:37:28Z</time></trkpt><trkpt lat="35.932545" lon="53.271058"><ele>2897.757</ele><time>2020-06-17T10:37:31Z</time></trkpt><trkpt lat="35.932591" lon="53.271094"><ele>2899.022</ele><time>2020-06-17T10:37:35Z</time></trkpt><trkpt lat="35.932635" lon="53.271122"><ele>2900.608</ele><time>2020-06-17T10:37:38Z</time></trkpt><trkpt lat="35.932689" lon="53.271176"><ele>2901.814</ele><time>2020-06-17T10:37:40Z</time></trkpt><trkpt lat="35.932751" lon="53.271244"><ele>2903.031</ele><time>2020-06-17T10:37:42Z</time></trkpt><trkpt lat="35.932809" lon="53.271308"><ele>2903.667</ele><time>2020-06-17T10:37:44Z</time></trkpt><trkpt lat="35.932872" lon="53.271370"><ele>2904.891</ele><time>2020-06-17T10:37:46Z</time></trkpt><trkpt lat="35.932934" lon="53.271429"><ele>2905.938</ele><time>2020-06-17T10:37:48Z</time></trkpt><trkpt lat="35.933005" lon="53.271493"><ele>2907.039</ele><time>2020-06-17T10:37:50Z</time></trkpt><trkpt lat="35.933072" lon="53.271553"><ele>2908.292</ele><time>2020-06-17T10:37:52Z</time></trkpt><trkpt lat="35.933109" lon="53.271588"><ele>2908.875</ele><time>2020-06-17T10:37:53Z</time></trkpt><trkpt lat="35.933145" lon="53.271622"><ele>2909.469</ele><time>2020-06-17T10:37:54Z</time></trkpt><trkpt lat="35.933205" lon="53.271687"><ele>2910.804</ele><time>2020-06-17T10:37:56Z</time></trkpt><trkpt lat="35.933258" lon="53.271736"><ele>2912.224</ele><time>2020-06-17T10:37:58Z</time></trkpt><trkpt lat="35.933309" lon="53.271772"><ele>2913.408</ele><time>2020-06-17T10:38:00Z</time></trkpt><trkpt lat="35.933372" lon="53.271813"><ele>2914.661</ele><time>2020-06-17T10:38:02Z</time></trkpt><trkpt lat="35.933441" lon="53.271848"><ele>2915.678</ele><time>2020-06-17T10:38:04Z</time></trkpt><trkpt lat="35.933500" lon="53.271875"><ele>2916.674</ele><time>2020-06-17T10:38:06Z</time></trkpt><trkpt lat="35.933560" lon="53.271906"><ele>2916.838</ele><time>2020-06-17T10:38:08Z</time></trkpt><trkpt lat="35.933625" lon="53.271934"><ele>2917.675</ele><time>2020-06-17T10:38:10Z</time></trkpt><trkpt lat="35.933667" lon="53.271954"><ele>2918.036</ele><time>2020-06-17T10:38:11Z</time></trkpt><trkpt lat="35.933742" lon="53.271999"><ele>2918.949</ele><time>2020-06-17T10:38:13Z</time></trkpt><trkpt lat="35.933798" lon="53.272050"><ele>2920.082</ele><time>2020-06-17T10:38:15Z</time></trkpt><trkpt lat="35.933835" lon="53.272098"><ele>2920.876</ele><time>2020-06-17T10:38:17Z</time></trkpt><trkpt lat="35.933875" lon="53.272161"><ele>2921.690</ele><time>2020-06-17T10:38:19Z</time></trkpt><trkpt lat="35.933904" lon="53.272212"><ele>2922.619</ele><time>2020-06-17T10:38:21Z</time></trkpt><trkpt lat="35.933950" lon="53.272259"><ele>2923.908</ele><time>2020-06-17T10:38:23Z</time></trkpt><trkpt lat="35.934005" lon="53.272302"><ele>2925.132</ele><time>2020-06-17T10:38:25Z</time></trkpt><trkpt lat="35.934054" lon="53.272340"><ele>2926.239</ele><time>2020-06-17T10:38:27Z</time></trkpt><trkpt lat="35.934100" lon="53.272379"><ele>2927.375</ele><time>2020-06-17T10:38:29Z</time></trkpt><trkpt lat="35.934147" lon="53.272418"><ele>2928.439</ele><time>2020-06-17T10:38:31Z</time></trkpt><trkpt lat="35.934194" lon="53.272449"><ele>2929.576</ele><time>2020-06-17T10:38:33Z</time></trkpt><trkpt lat="35.934250" lon="53.272487"><ele>2930.577</ele><time>2020-06-17T10:38:35Z</time></trkpt><trkpt lat="35.934302" lon="53.272521"><ele>2931.040</ele><time>2020-06-17T10:38:37Z</time></trkpt><trkpt lat="35.934352" lon="53.272559"><ele>2932.133</ele><time>2020-06-17T10:38:39Z</time></trkpt><trkpt lat="35.934402" lon="53.272603"><ele>2933.289</ele><time>2020-06-17T10:38:41Z</time></trkpt><trkpt lat="35.934445" lon="53.272643"><ele>2934.306</ele><time>2020-06-17T10:38:43Z</time></trkpt><trkpt lat="35.934486" lon="53.272675"><ele>2935.526</ele><time>2020-06-17T10:38:45Z</time></trkpt><trkpt lat="35.934537" lon="53.272723"><ele>2936.808</ele><time>2020-06-17T10:38:47Z</time></trkpt><trkpt lat="35.934582" lon="53.272772"><ele>2938.023</ele><time>2020-06-17T10:38:49Z</time></trkpt><trkpt lat="35.934634" lon="53.272814"><ele>2939.150</ele><time>2020-06-17T10:38:51Z</time></trkpt><trkpt lat="35.934702" lon="53.272871"><ele>2940.386</ele><time>2020-06-17T10:38:53Z</time></trkpt><trkpt lat="35.934767" lon="53.272915"><ele>2941.450</ele><time>2020-06-17T10:38:55Z</time></trkpt><trkpt lat="35.934821" lon="53.272958"><ele>2942.647</ele><time>2020-06-17T10:38:57Z</time></trkpt><trkpt lat="35.934865" lon="53.273006"><ele>2943.978</ele><time>2020-06-17T10:38:59Z</time></trkpt><trkpt lat="35.934911" lon="53.273067"><ele>2945.261</ele><time>2020-06-17T10:39:01Z</time></trkpt><trkpt lat="35.934952" lon="53.273126"><ele>2945.824</ele><time>2020-06-17T10:39:03Z</time></trkpt><trkpt lat="35.934992" lon="53.273182"><ele>2946.943</ele><time>2020-06-17T10:39:05Z</time></trkpt><trkpt lat="35.935038" lon="53.273231"><ele>2948.064</ele><time>2020-06-17T10:39:07Z</time></trkpt><trkpt lat="35.935082" lon="53.273270"><ele>2949.010</ele><time>2020-06-17T10:39:09Z</time></trkpt><trkpt lat="35.935133" lon="53.273309"><ele>2950.108</ele><time>2020-06-17T10:39:11Z</time></trkpt><trkpt lat="35.935201" lon="53.273357"><ele>2951.259</ele><time>2020-06-17T10:39:13Z</time></trkpt><trkpt lat="35.935267" lon="53.273412"><ele>2952.216</ele><time>2020-06-17T10:39:15Z</time></trkpt><trkpt lat="35.935330" lon="53.273464"><ele>2953.092</ele><time>2020-06-17T10:39:17Z</time></trkpt><trkpt lat="35.935386" lon="53.273504"><ele>2953.776</ele><time>2020-06-17T10:39:19Z</time></trkpt><trkpt lat="35.935439" lon="53.273546"><ele>2954.553</ele><time>2020-06-17T10:39:21Z</time></trkpt><trkpt lat="35.935481" lon="53.273587"><ele>2955.314</ele><time>2020-06-17T10:39:23Z</time></trkpt><trkpt lat="35.935521" lon="53.273613"><ele>2956.277</ele><time>2020-06-17T10:39:25Z</time></trkpt><trkpt lat="35.935570" lon="53.273623"><ele>2957.020</ele><time>2020-06-17T10:39:27Z</time></trkpt><trkpt lat="35.935615" lon="53.273635"><ele>2957.582</ele><time>2020-06-17T10:39:29Z</time></trkpt><trkpt lat="35.935658" lon="53.273659"><ele>2958.443</ele><time>2020-06-17T10:39:31Z</time></trkpt><trkpt lat="35.935714" lon="53.273710"><ele>2959.317</ele><time>2020-06-17T10:39:33Z</time></trkpt><trkpt lat="35.935745" lon="53.273751"><ele>2959.708</ele><time>2020-06-17T10:39:34Z</time></trkpt><trkpt lat="35.935807" lon="53.273818"><ele>2960.663</ele><time>2020-06-17T10:39:36Z</time></trkpt><trkpt lat="35.935864" lon="53.273864"><ele>2961.740</ele><time>2020-06-17T10:39:38Z</time></trkpt><trkpt lat="35.935915" lon="53.273907"><ele>2962.876</ele><time>2020-06-17T10:39:40Z</time></trkpt><trkpt lat="35.935973" lon="53.273939"><ele>2964.020</ele><time>2020-06-17T10:39:42Z</time></trkpt><trkpt lat="35.936021" lon="53.273955"><ele>2965.247</ele><time>2020-06-17T10:39:44Z</time></trkpt><trkpt lat="35.936069" lon="53.273989"><ele>2966.998</ele><time>2020-06-17T10:39:47Z</time></trkpt><trkpt lat="35.936094" lon="53.274057"><ele>2968.681</ele><time>2020-06-17T10:39:50Z</time></trkpt><trkpt lat="35.936066" lon="53.274104"><ele>2969.994</ele><time>2020-06-17T10:39:52Z</time></trkpt><trkpt lat="35.936134" lon="53.274142"><ele>2971.647</ele><time>2020-06-17T10:39:56Z</time></trkpt><trkpt lat="35.936192" lon="53.274178"><ele>2972.529</ele><time>2020-06-17T10:39:58Z</time></trkpt><trkpt lat="35.936255" lon="53.274219"><ele>2973.521</ele><time>2020-06-17T10:40:00Z</time></trkpt><trkpt lat="35.936326" lon="53.274254"><ele>2974.808</ele><time>2020-06-17T10:40:02Z</time></trkpt><trkpt lat="35.936394" lon="53.274296"><ele>2976.019</ele><time>2020-06-17T10:40:04Z</time></trkpt><trkpt lat="35.936454" lon="53.274342"><ele>2977.126</ele><time>2020-06-17T10:40:06Z</time></trkpt><trkpt lat="35.936515" lon="53.274379"><ele>2978.252</ele><time>2020-06-17T10:40:08Z</time></trkpt><trkpt lat="35.936573" lon="53.274416"><ele>2979.456</ele><time>2020-06-17T10:40:10Z</time></trkpt><trkpt lat="35.936631" lon="53.274467"><ele>2980.523</ele><time>2020-06-17T10:40:12Z</time></trkpt><trkpt lat="35.936682" lon="53.274520"><ele>2981.484</ele><time>2020-06-17T10:40:14Z</time></trkpt><trkpt lat="35.936725" lon="53.274568"><ele>2982.167</ele><time>2020-06-17T10:40:16Z</time></trkpt><trkpt lat="35.936762" lon="53.274618"><ele>2982.940</ele><time>2020-06-17T10:40:18Z</time></trkpt><trkpt lat="35.936797" lon="53.274671"><ele>2983.861</ele><time>2020-06-17T10:40:20Z</time></trkpt><trkpt lat="35.936842" lon="53.274725"><ele>2984.221</ele><time>2020-06-17T10:40:22Z</time></trkpt><trkpt lat="35.936891" lon="53.274776"><ele>2985.013</ele><time>2020-06-17T10:40:24Z</time></trkpt><trkpt lat="35.936931" lon="53.274817"><ele>2985.708</ele><time>2020-06-17T10:40:26Z</time></trkpt><trkpt lat="35.936985" lon="53.274870"><ele>2986.741</ele><time>2020-06-17T10:40:29Z</time></trkpt><trkpt lat="35.937034" lon="53.274847"><ele>2987.418</ele><time>2020-06-17T10:40:32Z</time></trkpt><trkpt lat="35.937080" lon="53.274819"><ele>2987.654</ele><time>2020-06-17T10:40:36Z</time></trkpt><trkpt lat="35.937047" lon="53.274773"><ele>2987.278</ele><time>2020-06-17T10:40:39Z</time></trkpt><trkpt lat="35.936773" lon="53.274799"><ele>2986.885</ele><time>2020-06-17T10:40:41Z</time></trkpt><trkpt lat="35.936745" lon="53.274843"><ele>2986.246</ele><time>2020-06-17T10:40:46Z</time></trkpt><trkpt lat="35.936706" lon="53.274882"><ele>2986.229</ele><time>2020-06-17T10:40:48Z</time></trkpt><trkpt lat="35.936724" lon="53.274816"><ele>2986.182</ele><time>2020-06-17T10:40:59Z</time></trkpt><trkpt lat="35.936932" lon="53.274667"><ele>2986.121</ele><time>2020-06-17T10:41:01Z</time></trkpt><trkpt lat="35.936915" lon="53.274580"><ele>2986.241</ele><time>2020-06-17T10:41:03Z</time></trkpt><trkpt lat="35.936900" lon="53.274515"><ele>2986.505</ele><time>2020-06-17T10:41:05Z</time></trkpt><trkpt lat="35.936882" lon="53.274455"><ele>2987.008</ele><time>2020-06-17T10:41:07Z</time></trkpt><trkpt lat="35.936862" lon="53.274400"><ele>2987.637</ele><time>2020-06-17T10:41:09Z</time></trkpt><trkpt lat="35.936873" lon="53.274328"><ele>2988.014</ele><time>2020-06-17T10:41:11Z</time></trkpt><trkpt lat="35.936719" lon="53.274781"><ele>2988.220</ele><time>2020-06-17T10:41:12Z</time></trkpt><trkpt lat="35.936621" lon="53.274513"><ele>2988.444</ele><time>2020-06-17T10:41:13Z</time></trkpt><trkpt lat="35.936633" lon="53.274429"><ele>2988.641</ele><time>2020-06-17T10:41:15Z</time></trkpt><trkpt lat="35.936600" lon="53.274345"><ele>2989.142</ele><time>2020-06-17T10:41:17Z</time></trkpt><trkpt lat="35.936581" lon="53.274280"><ele>2989.725</ele><time>2020-06-17T10:41:19Z</time></trkpt><trkpt lat="35.936565" lon="53.274217"><ele>2990.348</ele><time>2020-06-17T10:41:21Z</time></trkpt><trkpt lat="35.936544" lon="53.274157"><ele>2990.913</ele><time>2020-06-17T10:41:23Z</time></trkpt><trkpt lat="35.936516" lon="53.274091"><ele>2991.543</ele><time>2020-06-17T10:41:25Z</time></trkpt><trkpt lat="35.936491" lon="53.274027"><ele>2992.107</ele><time>2020-06-17T10:41:27Z</time></trkpt><trkpt lat="35.936466" lon="53.273959"><ele>2992.808</ele><time>2020-06-17T10:41:29Z</time></trkpt><trkpt lat="35.936441" lon="53.273891"><ele>2993.686</ele><time>2020-06-17T10:41:31Z</time></trkpt><trkpt lat="35.936411" lon="53.273827"><ele>2994.433</ele><time>2020-06-17T10:41:33Z</time></trkpt><trkpt lat="35.936375" lon="53.273758"><ele>2995.149</ele><time>2020-06-17T10:41:35Z</time></trkpt><trkpt lat="35.936335" lon="53.273682"><ele>2995.813</ele><time>2020-06-17T10:41:37Z</time></trkpt><trkpt lat="35.936300" lon="53.273616"><ele>2996.610</ele><time>2020-06-17T10:41:39Z</time></trkpt><trkpt lat="35.936268" lon="53.273555"><ele>2997.051</ele><time>2020-06-17T10:41:41Z</time></trkpt><trkpt lat="35.936240" lon="53.273500"><ele>2997.954</ele><time>2020-06-17T10:41:43Z</time></trkpt><trkpt lat="35.936214" lon="53.273442"><ele>2998.937</ele><time>2020-06-17T10:41:45Z</time></trkpt><trkpt lat="35.936185" lon="53.273378"><ele>2999.887</ele><time>2020-06-17T10:41:47Z</time></trkpt><trkpt lat="35.936156" lon="53.273314"><ele>3000.742</ele><time>2020-06-17T10:41:49Z</time></trkpt><trkpt lat="35.936130" lon="53.273250"><ele>3001.626</ele><time>2020-06-17T10:41:51Z</time></trkpt><trkpt lat="35.936106" lon="53.273182"><ele>3002.408</ele><time>2020-06-17T10:41:53Z</time></trkpt><trkpt lat="35.936085" lon="53.273120"><ele>3003.373</ele><time>2020-06-17T10:41:55Z</time></trkpt><trkpt lat="35.936066" lon="53.273048"><ele>3004.250</ele><time>2020-06-17T10:41:57Z</time></trkpt><trkpt lat="35.936047" lon="53.272980"><ele>3005.056</ele><time>2020-06-17T10:41:59Z</time></trkpt><trkpt lat="35.936027" lon="53.272915"><ele>3005.720</ele><time>2020-06-17T10:42:01Z</time></trkpt><trkpt lat="35.936002" lon="53.272854"><ele>3006.577</ele><time>2020-06-17T10:42:03Z</time></trkpt><trkpt lat="35.935975" lon="53.272796"><ele>3007.398</ele><time>2020-06-17T10:42:05Z</time></trkpt><trkpt lat="35.935946" lon="53.272735"><ele>3007.741</ele><time>2020-06-17T10:42:07Z</time></trkpt><trkpt lat="35.935922" lon="53.272672"><ele>3008.544</ele><time>2020-06-17T10:42:09Z</time></trkpt><trkpt lat="35.935897" lon="53.272610"><ele>3009.479</ele><time>2020-06-17T10:42:11Z</time></trkpt><trkpt lat="35.935873" lon="53.272553"><ele>3010.305</ele><time>2020-06-17T10:42:13Z</time></trkpt><trkpt lat="35.935849" lon="53.272496"><ele>3011.125</ele><time>2020-06-17T10:42:15Z</time></trkpt><trkpt lat="35.935821" lon="53.272437"><ele>3011.908</ele><time>2020-06-17T10:42:17Z</time></trkpt><trkpt lat="35.935786" lon="53.272383"><ele>3012.622</ele><time>2020-06-17T10:42:19Z</time></trkpt><trkpt lat="35.935746" lon="53.272334"><ele>3013.399</ele><time>2020-06-17T10:42:21Z</time></trkpt><trkpt lat="35.935707" lon="53.272283"><ele>3013.925</ele><time>2020-06-17T10:42:23Z</time></trkpt><trkpt lat="35.935670" lon="53.272226"><ele>3014.589</ele><time>2020-06-17T10:42:25Z</time></trkpt><trkpt lat="35.935635" lon="53.272169"><ele>3015.176</ele><time>2020-06-17T10:42:27Z</time></trkpt><trkpt lat="35.935593" lon="53.272112"><ele>3015.877</ele><time>2020-06-17T10:42:29Z</time></trkpt><trkpt lat="35.935542" lon="53.272058"><ele>3016.490</ele><time>2020-06-17T10:42:31Z</time></trkpt><trkpt lat="35.935497" lon="53.271996"><ele>3016.763</ele><time>2020-06-17T10:42:33Z</time></trkpt><trkpt lat="35.935467" lon="53.271927"><ele>3017.389</ele><time>2020-06-17T10:42:35Z</time></trkpt><trkpt lat="35.935453" lon="53.271861"><ele>3017.706</ele><time>2020-06-17T10:42:37Z</time></trkpt><trkpt lat="35.935452" lon="53.271793"><ele>3018.126</ele><time>2020-06-17T10:42:39Z</time></trkpt><trkpt lat="35.935460" lon="53.271724"><ele>3018.708</ele><time>2020-06-17T10:42:41Z</time></trkpt><trkpt lat="35.935466" lon="53.271654"><ele>3019.453</ele><time>2020-06-17T10:42:43Z</time></trkpt><trkpt lat="35.935470" lon="53.271566"><ele>3020.170</ele><time>2020-06-17T10:42:45Z</time></trkpt><trkpt lat="35.935487" lon="53.271498"><ele>3020.966</ele><time>2020-06-17T10:42:47Z</time></trkpt><trkpt lat="35.935506" lon="53.271441"><ele>3021.720</ele><time>2020-06-17T10:42:49Z</time></trkpt><trkpt lat="35.935506" lon="53.271359"><ele>3022.267</ele><time>2020-06-17T10:42:51Z</time></trkpt><trkpt lat="35.935484" lon="53.271281"><ele>3022.748</ele><time>2020-06-17T10:42:53Z</time></trkpt><trkpt lat="35.935456" lon="53.271213"><ele>3023.221</ele><time>2020-06-17T10:42:55Z</time></trkpt><trkpt lat="35.935412" lon="53.271150"><ele>3024.034</ele><time>2020-06-17T10:42:57Z</time></trkpt><trkpt lat="35.935353" lon="53.271091"><ele>3025.012</ele><time>2020-06-17T10:42:59Z</time></trkpt><trkpt lat="35.935302" lon="53.271035"><ele>3025.532</ele><time>2020-06-17T10:43:01Z</time></trkpt><trkpt lat="35.935231" lon="53.270960"><ele>3026.505</ele><time>2020-06-17T10:43:03Z</time></trkpt><trkpt lat="35.935146" lon="53.270918"><ele>3027.308</ele><time>2020-06-17T10:43:05Z</time></trkpt><trkpt lat="35.935098" lon="53.270897"><ele>3027.676</ele><time>2020-06-17T10:43:06Z</time></trkpt><trkpt lat="35.935047" lon="53.270887"><ele>3028.023</ele><time>2020-06-17T10:43:07Z</time></trkpt><trkpt lat="35.935146" lon="53.271121"><ele>3028.649</ele><time>2020-06-17T10:43:09Z</time></trkpt><trkpt lat="35.935099" lon="53.271069"><ele>3029.533</ele><time>2020-06-17T10:43:12Z</time></trkpt><trkpt lat="35.935052" lon="53.270975"><ele>3029.880</ele><time>2020-06-17T10:43:14Z</time></trkpt><trkpt lat="35.935037" lon="53.270904"><ele>3029.991</ele><time>2020-06-17T10:43:15Z</time></trkpt><trkpt lat="35.935018" lon="53.270829"><ele>3030.124</ele><time>2020-06-17T10:43:16Z</time></trkpt><trkpt lat="35.935002" lon="53.270759"><ele>3030.347</ele><time>2020-06-17T10:43:17Z</time></trkpt><trkpt lat="35.934991" lon="53.270703"><ele>3030.661</ele><time>2020-06-17T10:43:18Z</time></trkpt><trkpt lat="35.934978" lon="53.270647"><ele>3030.921</ele><time>2020-06-17T10:43:19Z</time></trkpt><trkpt lat="35.934956" lon="53.270553"><ele>3031.513</ele><time>2020-06-17T10:43:21Z</time></trkpt><trkpt lat="35.934941" lon="53.270471"><ele>3032.008</ele><time>2020-06-17T10:43:23Z</time></trkpt><trkpt lat="35.934923" lon="53.270409"><ele>3032.551</ele><time>2020-06-17T10:43:25Z</time></trkpt><trkpt lat="35.934894" lon="53.270351"><ele>3032.838</ele><time>2020-06-17T10:43:27Z</time></trkpt><trkpt lat="35.934857" lon="53.270287"><ele>3033.584</ele><time>2020-06-17T10:43:29Z</time></trkpt><trkpt lat="35.934822" lon="53.270221"><ele>3034.368</ele><time>2020-06-17T10:43:31Z</time></trkpt><trkpt lat="35.934817" lon="53.270155"><ele>3035.125</ele><time>2020-06-17T10:43:33Z</time></trkpt><trkpt lat="35.934868" lon="53.270155"><ele>3035.896</ele><time>2020-06-17T10:43:35Z</time></trkpt><trkpt lat="35.934928" lon="53.270166"><ele>3036.379</ele><time>2020-06-17T10:43:37Z</time></trkpt><trkpt lat="35.934983" lon="53.270174"><ele>3036.742</ele><time>2020-06-17T10:43:39Z</time></trkpt><trkpt lat="35.935041" lon="53.270218"><ele>3037.613</ele><time>2020-06-17T10:43:42Z</time></trkpt><trkpt lat="35.935080" lon="53.270284"><ele>3038.543</ele><time>2020-06-17T10:43:44Z</time></trkpt><trkpt lat="35.935116" lon="53.270346"><ele>3039.407</ele><time>2020-06-17T10:43:46Z</time></trkpt><trkpt lat="35.935152" lon="53.270419"><ele>3040.108</ele><time>2020-06-17T10:43:48Z</time></trkpt><trkpt lat="35.935194" lon="53.270482"><ele>3041.126</ele><time>2020-06-17T10:43:50Z</time></trkpt><trkpt lat="35.935243" lon="53.270535"><ele>3041.673</ele><time>2020-06-17T10:43:52Z</time></trkpt><trkpt lat="35.935282" lon="53.270565"><ele>3042.579</ele><time>2020-06-17T10:43:54Z</time></trkpt><trkpt lat="35.935337" lon="53.270609"><ele>3044.163</ele><time>2020-06-17T10:43:57Z</time></trkpt><trkpt lat="35.935387" lon="53.270648"><ele>3045.650</ele><time>2020-06-17T10:44:00Z</time></trkpt><trkpt lat="35.935433" lon="53.270700"><ele>3047.121</ele><time>2020-06-17T10:44:03Z</time></trkpt><trkpt lat="35.935474" lon="53.270751"><ele>3048.094</ele><time>2020-06-17T10:44:05Z</time></trkpt><trkpt lat="35.935519" lon="53.270807"><ele>3048.877</ele><time>2020-06-17T10:44:07Z</time></trkpt><trkpt lat="35.935574" lon="53.270845"><ele>3049.654</ele><time>2020-06-17T10:44:09Z</time></trkpt><trkpt lat="35.935631" lon="53.270872"><ele>3050.356</ele><time>2020-06-17T10:44:11Z</time></trkpt><trkpt lat="35.935687" lon="53.270895"><ele>3050.911</ele><time>2020-06-17T10:44:13Z</time></trkpt><trkpt lat="35.935739" lon="53.270937"><ele>3051.408</ele><time>2020-06-17T10:44:15Z</time></trkpt><trkpt lat="35.935791" lon="53.270979"><ele>3051.880</ele><time>2020-06-17T10:44:17Z</time></trkpt><trkpt lat="35.935852" lon="53.271018"><ele>3052.177</ele><time>2020-06-17T10:44:19Z</time></trkpt><trkpt lat="35.935911" lon="53.271045"><ele>3052.743</ele><time>2020-06-17T10:44:21Z</time></trkpt><trkpt lat="35.935976" lon="53.271066"><ele>3053.547</ele><time>2020-06-17T10:44:23Z</time></trkpt><trkpt lat="35.936051" lon="53.271040"><ele>3054.534</ele><time>2020-06-17T10:44:25Z</time></trkpt><trkpt lat="35.936114" lon="53.271022"><ele>3055.665</ele><time>2020-06-17T10:44:27Z</time></trkpt><trkpt lat="35.936234" lon="53.271057"><ele>3056.198</ele><time>2020-06-17T10:44:28Z</time></trkpt><trkpt lat="35.936302" lon="53.271090"><ele>3057.251</ele><time>2020-06-17T10:44:31Z</time></trkpt><trkpt lat="35.936353" lon="53.271109"><ele>3058.083</ele><time>2020-06-17T10:44:33Z</time></trkpt><trkpt lat="35.936388" lon="53.271169"><ele>3059.125</ele><time>2020-06-17T10:44:35Z</time></trkpt><trkpt lat="35.936453" lon="53.271162"><ele>3059.917</ele><time>2020-06-17T10:44:37Z</time></trkpt><trkpt lat="35.936520" lon="53.271155"><ele>3060.608</ele><time>2020-06-17T10:44:39Z</time></trkpt><trkpt lat="35.936586" lon="53.271164"><ele>3061.613</ele><time>2020-06-17T10:44:41Z</time></trkpt><trkpt lat="35.936640" lon="53.271176"><ele>3062.420</ele><time>2020-06-17T10:44:43Z</time></trkpt><trkpt lat="35.936696" lon="53.271189"><ele>3062.946</ele><time>2020-06-17T10:44:45Z</time></trkpt><trkpt lat="35.936764" lon="53.271204"><ele>3062.960</ele><time>2020-06-17T10:44:47Z</time></trkpt><trkpt lat="35.936837" lon="53.271219"><ele>3063.217</ele><time>2020-06-17T10:44:49Z</time></trkpt><trkpt lat="35.936893" lon="53.271225"><ele>3063.418</ele><time>2020-06-17T10:44:50Z</time></trkpt><trkpt lat="35.936969" lon="53.271261"><ele>3063.681</ele><time>2020-06-17T10:44:52Z</time></trkpt><trkpt lat="35.937051" lon="53.271303"><ele>3063.974</ele><time>2020-06-17T10:44:54Z</time></trkpt><trkpt lat="35.937095" lon="53.271321"><ele>3063.956</ele><time>2020-06-17T10:44:55Z</time></trkpt><trkpt lat="35.937166" lon="53.271370"><ele>3063.759</ele><time>2020-06-17T10:44:57Z</time></trkpt><trkpt lat="35.937239" lon="53.271415"><ele>3063.214</ele><time>2020-06-17T10:44:59Z</time></trkpt><trkpt lat="35.937287" lon="53.271437"><ele>3063.108</ele><time>2020-06-17T10:45:00Z</time></trkpt><trkpt lat="35.937329" lon="53.271457"><ele>3063.050</ele><time>2020-06-17T10:45:01Z</time></trkpt><trkpt lat="35.937379" lon="53.271467"><ele>3063.047</ele><time>2020-06-17T10:45:02Z</time></trkpt><trkpt lat="35.937421" lon="53.271495"><ele>3063.163</ele><time>2020-06-17T10:45:03Z</time></trkpt><trkpt lat="35.937497" lon="53.271517"><ele>3063.257</ele><time>2020-06-17T10:45:04Z</time></trkpt><trkpt lat="35.937554" lon="53.271553"><ele>3063.584</ele><time>2020-06-17T10:45:05Z</time></trkpt><trkpt lat="35.937615" lon="53.271584"><ele>3063.995</ele><time>2020-06-17T10:45:06Z</time></trkpt><trkpt lat="35.937677" lon="53.271618"><ele>3064.378</ele><time>2020-06-17T10:45:07Z</time></trkpt><trkpt lat="35.937738" lon="53.271642"><ele>3064.771</ele><time>2020-06-17T10:45:08Z</time></trkpt><trkpt lat="35.937795" lon="53.271668"><ele>3065.049</ele><time>2020-06-17T10:45:09Z</time></trkpt><trkpt lat="35.937865" lon="53.271680"><ele>3065.102</ele><time>2020-06-17T10:45:10Z</time></trkpt><trkpt lat="35.937925" lon="53.271729"><ele>3065.122</ele><time>2020-06-17T10:45:11Z</time></trkpt><trkpt lat="35.937985" lon="53.271758"><ele>3065.108</ele><time>2020-06-17T10:45:12Z</time></trkpt><trkpt lat="35.938058" lon="53.271775"><ele>3065.149</ele><time>2020-06-17T10:45:13Z</time></trkpt><trkpt lat="35.938129" lon="53.271832"><ele>3065.186</ele><time>2020-06-17T10:45:14Z</time></trkpt><trkpt lat="35.938193" lon="53.271868"><ele>3065.142</ele><time>2020-06-17T10:45:15Z</time></trkpt><trkpt lat="35.938257" lon="53.271942"><ele>3065.226</ele><time>2020-06-17T10:45:16Z</time></trkpt><trkpt lat="35.938345" lon="53.271978"><ele>3065.243</ele><time>2020-06-17T10:45:17Z</time></trkpt><trkpt lat="35.938411" lon="53.272071"><ele>3065.284</ele><time>2020-06-17T10:45:18Z</time></trkpt><trkpt lat="35.938469" lon="53.272160"><ele>3065.227</ele><time>2020-06-17T10:45:19Z</time></trkpt><trkpt lat="35.938531" lon="53.272240"><ele>3065.270</ele><time>2020-06-17T10:45:20Z</time></trkpt><trkpt lat="35.938609" lon="53.272274"><ele>3065.628</ele><time>2020-06-17T10:45:21Z</time></trkpt><trkpt lat="35.938671" lon="53.272346"><ele>3065.689</ele><time>2020-06-17T10:45:22Z</time></trkpt><trkpt lat="35.938704" lon="53.272452"><ele>3065.717</ele><time>2020-06-17T10:45:23Z</time></trkpt><trkpt lat="35.938740" lon="53.272512"><ele>3065.708</ele><time>2020-06-17T10:45:24Z</time></trkpt><trkpt lat="35.938774" lon="53.272563"><ele>3065.427</ele><time>2020-06-17T10:45:25Z</time></trkpt><trkpt lat="35.938804" lon="53.272634"><ele>3065.024</ele><time>2020-06-17T10:45:26Z</time></trkpt><trkpt lat="35.938847" lon="53.272714"><ele>3064.590</ele><time>2020-06-17T10:45:27Z</time></trkpt><trkpt lat="35.938884" lon="53.272774"><ele>3064.534</ele><time>2020-06-17T10:45:28Z</time></trkpt><trkpt lat="35.938915" lon="53.272856"><ele>3064.131</ele><time>2020-06-17T10:45:29Z</time></trkpt><trkpt lat="35.938945" lon="53.272941"><ele>3063.822</ele><time>2020-06-17T10:45:30Z</time></trkpt><trkpt lat="35.938973" lon="53.273024"><ele>3063.545</ele><time>2020-06-17T10:45:31Z</time></trkpt><trkpt lat="35.939012" lon="53.273108"><ele>3063.318</ele><time>2020-06-17T10:45:32Z</time></trkpt><trkpt lat="35.939063" lon="53.273185"><ele>3063.129</ele><time>2020-06-17T10:45:33Z</time></trkpt><trkpt lat="35.939110" lon="53.273266"><ele>3062.800</ele><time>2020-06-17T10:45:34Z</time></trkpt><trkpt lat="35.939171" lon="53.273342"><ele>3062.520</ele><time>2020-06-17T10:45:35Z</time></trkpt><trkpt lat="35.939249" lon="53.273394"><ele>3062.408</ele><time>2020-06-17T10:45:36Z</time></trkpt><trkpt lat="35.939321" lon="53.273466"><ele>3062.497</ele><time>2020-06-17T10:45:37Z</time></trkpt><trkpt lat="35.939393" lon="53.273513"><ele>3062.334</ele><time>2020-06-17T10:45:38Z</time></trkpt><trkpt lat="35.939466" lon="53.273563"><ele>3062.340</ele><time>2020-06-17T10:45:39Z</time></trkpt><trkpt lat="35.939547" lon="53.273622"><ele>3062.724</ele><time>2020-06-17T10:45:40Z</time></trkpt><trkpt lat="35.939620" lon="53.273648"><ele>3064.091</ele><time>2020-06-17T10:45:41Z</time></trkpt><trkpt lat="35.939694" lon="53.273706"><ele>3065.312</ele><time>2020-06-17T10:45:42Z</time></trkpt><trkpt lat="35.939759" lon="53.273758"><ele>3066.575</ele><time>2020-06-17T10:45:43Z</time></trkpt><trkpt lat="35.939822" lon="53.273812"><ele>3067.618</ele><time>2020-06-17T10:45:44Z</time></trkpt><trkpt lat="35.939894" lon="53.273880"><ele>3068.519</ele><time>2020-06-17T10:45:45Z</time></trkpt><trkpt lat="35.939975" lon="53.273949"><ele>3068.509</ele><time>2020-06-17T10:45:46Z</time></trkpt><trkpt lat="35.940029" lon="53.274031"><ele>3068.819</ele><time>2020-06-17T10:45:47Z</time></trkpt><trkpt lat="35.940071" lon="53.274093"><ele>3068.908</ele><time>2020-06-17T10:45:48Z</time></trkpt><trkpt lat="35.940124" lon="53.274142"><ele>3069.366</ele><time>2020-06-17T10:45:49Z</time></trkpt><trkpt lat="35.940166" lon="53.274166"><ele>3069.733</ele><time>2020-06-17T10:45:50Z</time></trkpt><trkpt lat="35.940201" lon="53.274223"><ele>3070.299</ele><time>2020-06-17T10:45:51Z</time></trkpt><trkpt lat="35.940257" lon="53.274298"><ele>3070.913</ele><time>2020-06-17T10:45:53Z</time></trkpt><trkpt lat="35.940287" lon="53.274340"><ele>3071.390</ele><time>2020-06-17T10:45:54Z</time></trkpt><trkpt lat="35.940324" lon="53.274391"><ele>3071.851</ele><time>2020-06-17T10:45:55Z</time></trkpt><trkpt lat="35.940358" lon="53.274447"><ele>3071.814</ele><time>2020-06-17T10:45:56Z</time></trkpt><trkpt lat="35.940396" lon="53.274503"><ele>3072.427</ele><time>2020-06-17T10:45:57Z</time></trkpt><trkpt lat="35.940426" lon="53.274553"><ele>3072.921</ele><time>2020-06-17T10:45:58Z</time></trkpt><trkpt lat="35.940460" lon="53.274604"><ele>3073.341</ele><time>2020-06-17T10:45:59Z</time></trkpt><trkpt lat="35.940491" lon="53.274659"><ele>3073.405</ele><time>2020-06-17T10:46:00Z</time></trkpt><trkpt lat="35.940530" lon="53.274709"><ele>3073.408</ele><time>2020-06-17T10:46:01Z</time></trkpt><trkpt lat="35.940563" lon="53.274759"><ele>3073.227</ele><time>2020-06-17T10:46:02Z</time></trkpt><trkpt lat="35.940573" lon="53.274845"><ele>3073.064</ele><time>2020-06-17T10:46:03Z</time></trkpt><trkpt lat="35.940626" lon="53.274827"><ele>3073.030</ele><time>2020-06-17T10:46:04Z</time></trkpt><trkpt lat="35.940682" lon="53.274847"><ele>3073.054</ele><time>2020-06-17T10:46:05Z</time></trkpt><trkpt lat="35.940708" lon="53.274910"><ele>3073.351</ele><time>2020-06-17T10:46:06Z</time></trkpt><trkpt lat="35.940726" lon="53.274989"><ele>3073.552</ele><time>2020-06-17T10:46:07Z</time></trkpt><trkpt lat="35.940769" lon="53.275043"><ele>3073.745</ele><time>2020-06-17T10:46:08Z</time></trkpt><trkpt lat="35.940811" lon="53.275089"><ele>3073.998</ele><time>2020-06-17T10:46:09Z</time></trkpt><trkpt lat="35.940853" lon="53.275136"><ele>3074.229</ele><time>2020-06-17T10:46:10Z</time></trkpt><trkpt lat="35.940889" lon="53.275190"><ele>3074.300</ele><time>2020-06-17T10:46:11Z</time></trkpt><trkpt lat="35.940935" lon="53.275240"><ele>3074.420</ele><time>2020-06-17T10:46:12Z</time></trkpt><trkpt lat="35.940983" lon="53.275290"><ele>3074.808</ele><time>2020-06-17T10:46:13Z</time></trkpt><trkpt lat="35.941016" lon="53.275344"><ele>3074.827</ele><time>2020-06-17T10:46:14Z</time></trkpt><trkpt lat="35.941062" lon="53.275434"><ele>3075.734</ele><time>2020-06-17T10:46:16Z</time></trkpt><trkpt lat="35.941098" lon="53.275481"><ele>3076.130</ele><time>2020-06-17T10:46:17Z</time></trkpt><trkpt lat="35.941123" lon="53.275542"><ele>3076.474</ele><time>2020-06-17T10:46:18Z</time></trkpt><trkpt lat="35.941160" lon="53.275592"><ele>3076.691</ele><time>2020-06-17T10:46:19Z</time></trkpt><trkpt lat="35.941220" lon="53.275683"><ele>3077.072</ele><time>2020-06-17T10:46:21Z</time></trkpt><trkpt lat="35.941255" lon="53.275739"><ele>3077.455</ele><time>2020-06-17T10:46:22Z</time></trkpt><trkpt lat="35.941292" lon="53.275794"><ele>3077.958</ele><time>2020-06-17T10:46:23Z</time></trkpt><trkpt lat="35.941322" lon="53.275860"><ele>3077.971</ele><time>2020-06-17T10:46:24Z</time></trkpt><trkpt lat="35.941353" lon="53.275905"><ele>3078.541</ele><time>2020-06-17T10:46:25Z</time></trkpt><trkpt lat="35.941413" lon="53.275983"><ele>3079.715</ele><time>2020-06-17T10:46:27Z</time></trkpt><trkpt lat="35.941443" lon="53.276025"><ele>3080.408</ele><time>2020-06-17T10:46:28Z</time></trkpt><trkpt lat="35.941473" lon="53.276069"><ele>3080.812</ele><time>2020-06-17T10:46:29Z</time></trkpt><trkpt lat="35.941504" lon="53.276115"><ele>3081.189</ele><time>2020-06-17T10:46:30Z</time></trkpt><trkpt lat="35.941538" lon="53.276168"><ele>3081.415</ele><time>2020-06-17T10:46:31Z</time></trkpt><trkpt lat="35.941571" lon="53.276216"><ele>3081.659</ele><time>2020-06-17T10:46:32Z</time></trkpt><trkpt lat="35.941604" lon="53.276263"><ele>3081.626</ele><time>2020-06-17T10:46:33Z</time></trkpt><trkpt lat="35.941633" lon="53.276311"><ele>3081.847</ele><time>2020-06-17T10:46:34Z</time></trkpt><trkpt lat="35.941668" lon="53.276362"><ele>3082.080</ele><time>2020-06-17T10:46:35Z</time></trkpt><trkpt lat="35.941708" lon="53.276449"><ele>3082.523</ele><time>2020-06-17T10:46:37Z</time></trkpt><trkpt lat="35.941717" lon="53.276596"><ele>3083.091</ele><time>2020-06-17T10:46:38Z</time></trkpt><trkpt lat="35.941741" lon="53.276647"><ele>3083.381</ele><time>2020-06-17T10:46:39Z</time></trkpt><trkpt lat="35.941767" lon="53.276697"><ele>3083.519</ele><time>2020-06-17T10:46:40Z</time></trkpt><trkpt lat="35.941864" lon="53.276706"><ele>3083.808</ele><time>2020-06-17T10:46:41Z</time></trkpt><trkpt lat="35.941897" lon="53.276761"><ele>3084.024</ele><time>2020-06-17T10:46:42Z</time></trkpt><trkpt lat="35.941920" lon="53.276813"><ele>3084.011</ele><time>2020-06-17T10:46:43Z</time></trkpt><trkpt lat="35.941952" lon="53.276867"><ele>3084.117</ele><time>2020-06-17T10:46:44Z</time></trkpt><trkpt lat="35.941984" lon="53.276921"><ele>3084.441</ele><time>2020-06-17T10:46:45Z</time></trkpt><trkpt lat="35.942059" lon="53.276777"><ele>3084.768</ele><time>2020-06-17T10:46:46Z</time></trkpt><trkpt lat="35.942121" lon="53.276721"><ele>3085.039</ele><time>2020-06-17T10:46:47Z</time></trkpt><trkpt lat="35.942165" lon="53.276740"><ele>3085.342</ele><time>2020-06-17T10:46:48Z</time></trkpt><trkpt lat="35.942209" lon="53.276759"><ele>3085.665</ele><time>2020-06-17T10:46:49Z</time></trkpt><trkpt lat="35.942368" lon="53.276824"><ele>3085.845</ele><time>2020-06-17T10:46:50Z</time></trkpt><trkpt lat="35.942422" lon="53.276839"><ele>3085.847</ele><time>2020-06-17T10:46:51Z</time></trkpt><trkpt lat="35.942441" lon="53.276782"><ele>3085.811</ele><time>2020-06-17T10:46:52Z</time></trkpt><trkpt lat="35.942497" lon="53.276692"><ele>3085.908</ele><time>2020-06-17T10:46:53Z</time></trkpt><trkpt lat="35.942549" lon="53.276690"><ele>3086.029</ele><time>2020-06-17T10:46:54Z</time></trkpt><trkpt lat="35.942448" lon="53.276325"><ele>3086.166</ele><time>2020-06-17T10:46:55Z</time></trkpt><trkpt lat="35.942490" lon="53.276284"><ele>3086.262</ele><time>2020-06-17T10:46:56Z</time></trkpt><trkpt lat="35.942555" lon="53.276234"><ele>3086.786</ele><time>2020-06-17T10:46:58Z</time></trkpt><trkpt lat="35.942608" lon="53.276177"><ele>3087.443</ele><time>2020-06-17T10:47:00Z</time></trkpt><trkpt lat="35.942684" lon="53.276143"><ele>3088.344</ele><time>2020-06-17T10:47:02Z</time></trkpt><trkpt lat="35.942700" lon="53.276083"><ele>3089.387</ele><time>2020-06-17T10:47:04Z</time></trkpt><trkpt lat="35.942750" lon="53.276004"><ele>3090.260</ele><time>2020-06-17T10:47:06Z</time></trkpt><trkpt lat="35.942747" lon="53.275807"><ele>3090.721</ele><time>2020-06-17T10:47:07Z</time></trkpt><trkpt lat="35.942764" lon="53.275753"><ele>3091.241</ele><time>2020-06-17T10:47:08Z</time></trkpt><trkpt lat="35.942788" lon="53.275703"><ele>3091.205</ele><time>2020-06-17T10:47:09Z</time></trkpt><trkpt lat="35.942800" lon="53.275607"><ele>3092.608</ele><time>2020-06-17T10:47:12Z</time></trkpt><trkpt lat="35.942875" lon="53.275657"><ele>3093.097</ele><time>2020-06-17T10:47:13Z</time></trkpt><trkpt lat="35.942837" lon="53.275470"><ele>3093.474</ele><time>2020-06-17T10:47:14Z</time></trkpt><trkpt lat="35.942900" lon="53.275453"><ele>3093.840</ele><time>2020-06-17T10:47:15Z</time></trkpt><trkpt lat="35.942917" lon="53.275399"><ele>3094.244</ele><time>2020-06-17T10:47:16Z</time></trkpt><trkpt lat="35.942942" lon="53.275300"><ele>3094.631</ele><time>2020-06-17T10:47:17Z</time></trkpt><trkpt lat="35.942962" lon="53.275240"><ele>3095.052</ele><time>2020-06-17T10:47:18Z</time></trkpt><trkpt lat="35.942998" lon="53.275047"><ele>3095.455</ele><time>2020-06-17T10:47:19Z</time></trkpt><trkpt lat="35.943020" lon="53.274985"><ele>3095.838</ele><time>2020-06-17T10:47:20Z</time></trkpt><trkpt lat="35.943098" lon="53.274881"><ele>3096.641</ele><time>2020-06-17T10:47:22Z</time></trkpt><trkpt lat="35.943120" lon="53.274816"><ele>3097.081</ele><time>2020-06-17T10:47:23Z</time></trkpt><trkpt lat="35.943116" lon="53.274734"><ele>3097.509</ele><time>2020-06-17T10:47:24Z</time></trkpt><trkpt lat="35.943133" lon="53.274660"><ele>3098.108</ele><time>2020-06-17T10:47:25Z</time></trkpt><trkpt lat="35.943142" lon="53.274532"><ele>3098.839</ele><time>2020-06-17T10:47:26Z</time></trkpt><trkpt lat="35.943154" lon="53.274446"><ele>3099.636</ele><time>2020-06-17T10:47:27Z</time></trkpt><trkpt lat="35.943183" lon="53.274371"><ele>3101.312</ele><time>2020-06-17T10:47:29Z</time></trkpt><trkpt lat="35.943232" lon="53.274322"><ele>3103.936</ele><time>2020-06-17T10:47:33Z</time></trkpt><trkpt lat="35.943254" lon="53.274251"><ele>3105.013</ele><time>2020-06-17T10:47:35Z</time></trkpt><trkpt lat="35.943266" lon="53.274150"><ele>3105.694</ele><time>2020-06-17T10:47:37Z</time></trkpt><trkpt lat="35.943276" lon="53.274091"><ele>3106.297</ele><time>2020-06-17T10:47:38Z</time></trkpt><trkpt lat="35.943282" lon="53.274033"><ele>3106.760</ele><time>2020-06-17T10:47:39Z</time></trkpt><trkpt lat="35.943231" lon="53.273970"><ele>3107.585</ele><time>2020-06-17T10:47:41Z</time></trkpt><trkpt lat="35.943195" lon="53.273918"><ele>3107.989</ele><time>2020-06-17T10:47:42Z</time></trkpt><trkpt lat="35.943147" lon="53.273877"><ele>3108.317</ele><time>2020-06-17T10:47:43Z</time></trkpt><trkpt lat="35.943122" lon="53.273809"><ele>3108.808</ele><time>2020-06-17T10:47:44Z</time></trkpt><trkpt lat="35.943099" lon="53.273733"><ele>3109.333</ele><time>2020-06-17T10:47:45Z</time></trkpt><trkpt lat="35.942993" lon="53.273847"><ele>3109.930</ele><time>2020-06-17T10:47:46Z</time></trkpt><trkpt lat="35.942965" lon="53.273762"><ele>3110.646</ele><time>2020-06-17T10:47:47Z</time></trkpt><trkpt lat="35.942802" lon="53.273928"><ele>3111.360</ele><time>2020-06-17T10:47:48Z</time></trkpt><trkpt lat="35.942902" lon="53.273583"><ele>3111.847</ele><time>2020-06-17T10:47:49Z</time></trkpt><trkpt lat="35.942882" lon="53.273518"><ele>3112.348</ele><time>2020-06-17T10:47:50Z</time></trkpt><trkpt lat="35.942875" lon="53.273419"><ele>3113.391</ele><time>2020-06-17T10:47:52Z</time></trkpt><trkpt lat="35.942881" lon="53.273335"><ele>3113.854</ele><time>2020-06-17T10:47:53Z</time></trkpt><trkpt lat="35.942885" lon="53.273249"><ele>3114.587</ele><time>2020-06-17T10:47:54Z</time></trkpt><trkpt lat="35.942886" lon="53.273170"><ele>3115.242</ele><time>2020-06-17T10:47:55Z</time></trkpt><trkpt lat="35.942889" lon="53.273096"><ele>3115.826</ele><time>2020-06-17T10:47:56Z</time></trkpt><trkpt lat="35.942898" lon="53.273029"><ele>3116.408</ele><time>2020-06-17T10:47:57Z</time></trkpt><trkpt lat="35.942912" lon="53.272969"><ele>3116.893</ele><time>2020-06-17T10:47:58Z</time></trkpt><trkpt lat="35.942931" lon="53.272913"><ele>3117.260</ele><time>2020-06-17T10:47:59Z</time></trkpt><trkpt lat="35.942961" lon="53.272824"><ele>3117.596</ele><time>2020-06-17T10:48:00Z</time></trkpt><trkpt lat="35.943009" lon="53.272748"><ele>3117.730</ele><time>2020-06-17T10:48:02Z</time></trkpt><trkpt lat="35.943062" lon="53.272672"><ele>3117.757</ele><time>2020-06-17T10:48:04Z</time></trkpt><trkpt lat="35.943097" lon="53.272627"><ele>3117.458</ele><time>2020-06-17T10:48:05Z</time></trkpt><trkpt lat="35.943148" lon="53.272582"><ele>3117.041</ele><time>2020-06-17T10:48:06Z</time></trkpt><trkpt lat="35.943184" lon="53.272540"><ele>3116.524</ele><time>2020-06-17T10:48:07Z</time></trkpt><trkpt lat="35.943229" lon="53.272491"><ele>3116.173</ele><time>2020-06-17T10:48:08Z</time></trkpt><trkpt lat="35.943268" lon="53.272446"><ele>3115.885</ele><time>2020-06-17T10:48:09Z</time></trkpt><trkpt lat="35.943309" lon="53.272404"><ele>3115.513</ele><time>2020-06-17T10:48:10Z</time></trkpt><trkpt lat="35.943354" lon="53.272357"><ele>3115.108</ele><time>2020-06-17T10:48:11Z</time></trkpt><trkpt lat="35.943395" lon="53.272309"><ele>3114.452</ele><time>2020-06-17T10:48:12Z</time></trkpt><trkpt lat="35.943444" lon="53.272280"><ele>3113.739</ele><time>2020-06-17T10:48:13Z</time></trkpt><trkpt lat="35.943485" lon="53.272246"><ele>3112.915</ele><time>2020-06-17T10:48:14Z</time></trkpt><trkpt lat="35.943555" lon="53.272201"><ele>3111.299</ele><time>2020-06-17T10:48:16Z</time></trkpt><trkpt lat="35.943632" lon="53.272151"><ele>3109.616</ele><time>2020-06-17T10:48:18Z</time></trkpt><trkpt lat="35.943680" lon="53.272127"><ele>3108.697</ele><time>2020-06-17T10:48:19Z</time></trkpt><trkpt lat="35.943730" lon="53.272101"><ele>3107.660</ele><time>2020-06-17T10:48:20Z</time></trkpt><trkpt lat="35.943777" lon="53.272070"><ele>3106.973</ele><time>2020-06-17T10:48:21Z</time></trkpt><trkpt lat="35.943834" lon="53.272035"><ele>3106.285</ele><time>2020-06-17T10:48:22Z</time></trkpt><trkpt lat="35.943888" lon="53.272001"><ele>3105.389</ele><time>2020-06-17T10:48:23Z</time></trkpt><trkpt lat="35.943942" lon="53.271963"><ele>3104.417</ele><time>2020-06-17T10:48:24Z</time></trkpt><trkpt lat="35.944017" lon="53.271929"><ele>3103.608</ele><time>2020-06-17T10:48:25Z</time></trkpt><trkpt lat="35.944080" lon="53.271890"><ele>3102.343</ele><time>2020-06-17T10:48:26Z</time></trkpt><trkpt lat="35.944157" lon="53.271866"><ele>3101.290</ele><time>2020-06-17T10:48:27Z</time></trkpt><trkpt lat="35.944206" lon="53.271822"><ele>3100.386</ele><time>2020-06-17T10:48:28Z</time></trkpt><trkpt lat="35.944249" lon="53.271785"><ele>3099.510</ele><time>2020-06-17T10:48:29Z</time></trkpt><trkpt lat="35.944301" lon="53.271738"><ele>3099.517</ele><time>2020-06-17T10:48:30Z</time></trkpt><trkpt lat="35.944350" lon="53.271716"><ele>3098.518</ele><time>2020-06-17T10:48:31Z</time></trkpt><trkpt lat="35.944441" lon="53.271662"><ele>3096.971</ele><time>2020-06-17T10:48:33Z</time></trkpt><trkpt lat="35.944503" lon="53.271632"><ele>3096.234</ele><time>2020-06-17T10:48:34Z</time></trkpt><trkpt lat="35.944547" lon="53.271611"><ele>3095.413</ele><time>2020-06-17T10:48:35Z</time></trkpt><trkpt lat="35.944609" lon="53.271597"><ele>3094.743</ele><time>2020-06-17T10:48:36Z</time></trkpt><trkpt lat="35.944665" lon="53.271595"><ele>3094.007</ele><time>2020-06-17T10:48:37Z</time></trkpt><trkpt lat="35.944731" lon="53.271582"><ele>3093.108</ele><time>2020-06-17T10:48:38Z</time></trkpt><trkpt lat="35.944808" lon="53.271574"><ele>3092.246</ele><time>2020-06-17T10:48:39Z</time></trkpt><trkpt lat="35.944877" lon="53.271568"><ele>3091.583</ele><time>2020-06-17T10:48:40Z</time></trkpt><trkpt lat="35.944943" lon="53.271562"><ele>3090.879</ele><time>2020-06-17T10:48:41Z</time></trkpt><trkpt lat="35.945016" lon="53.271562"><ele>3090.333</ele><time>2020-06-17T10:48:42Z</time></trkpt><trkpt lat="35.945080" lon="53.271572"><ele>3089.780</ele><time>2020-06-17T10:48:43Z</time></trkpt><trkpt lat="35.945160" lon="53.271576"><ele>3089.281</ele><time>2020-06-17T10:48:44Z</time></trkpt><trkpt lat="35.945238" lon="53.271582"><ele>3088.694</ele><time>2020-06-17T10:48:45Z</time></trkpt><trkpt lat="35.945300" lon="53.271594"><ele>3088.147</ele><time>2020-06-17T10:48:46Z</time></trkpt><trkpt lat="35.945361" lon="53.271611"><ele>3087.336</ele><time>2020-06-17T10:48:47Z</time></trkpt><trkpt lat="35.945409" lon="53.271622"><ele>3087.317</ele><time>2020-06-17T10:48:48Z</time></trkpt><trkpt lat="35.945455" lon="53.271637"><ele>3086.818</ele><time>2020-06-17T10:48:49Z</time></trkpt><trkpt lat="35.945513" lon="53.271643"><ele>3086.308</ele><time>2020-06-17T10:48:50Z</time></trkpt><trkpt lat="35.945561" lon="53.271652"><ele>3085.998</ele><time>2020-06-17T10:48:51Z</time></trkpt><trkpt lat="35.945622" lon="53.271716"><ele>3085.425</ele><time>2020-06-17T10:48:52Z</time></trkpt><trkpt lat="35.945698" lon="53.271753"><ele>3084.991</ele><time>2020-06-17T10:48:53Z</time></trkpt><trkpt lat="35.945761" lon="53.271816"><ele>3084.415</ele><time>2020-06-17T10:48:54Z</time></trkpt><trkpt lat="35.945820" lon="53.271845"><ele>3083.492</ele><time>2020-06-17T10:48:55Z</time></trkpt><trkpt lat="35.945876" lon="53.271889"><ele>3082.633</ele><time>2020-06-17T10:48:56Z</time></trkpt><trkpt lat="35.945921" lon="53.271945"><ele>3082.696</ele><time>2020-06-17T10:48:57Z</time></trkpt><trkpt lat="35.945971" lon="53.271992"><ele>3082.019</ele><time>2020-06-17T10:48:58Z</time></trkpt><trkpt lat="35.946015" lon="53.272035"><ele>3081.271</ele><time>2020-06-17T10:48:59Z</time></trkpt><trkpt lat="35.946067" lon="53.272087"><ele>3080.341</ele><time>2020-06-17T10:49:00Z</time></trkpt><trkpt lat="35.946114" lon="53.272135"><ele>3079.815</ele><time>2020-06-17T10:49:01Z</time></trkpt><trkpt lat="35.946139" lon="53.272194"><ele>3079.308</ele><time>2020-06-17T10:49:02Z</time></trkpt><trkpt lat="35.946195" lon="53.272240"><ele>3078.612</ele><time>2020-06-17T10:49:03Z</time></trkpt><trkpt lat="35.946242" lon="53.272282"><ele>3078.079</ele><time>2020-06-17T10:49:04Z</time></trkpt><trkpt lat="35.946301" lon="53.272356"><ele>3077.795</ele><time>2020-06-17T10:49:05Z</time></trkpt><trkpt lat="35.946358" lon="53.272401"><ele>3077.399</ele><time>2020-06-17T10:49:06Z</time></trkpt><trkpt lat="35.946417" lon="53.272446"><ele>3077.366</ele><time>2020-06-17T10:49:07Z</time></trkpt><trkpt lat="35.946466" lon="53.272483"><ele>3077.287</ele><time>2020-06-17T10:49:08Z</time></trkpt><trkpt lat="35.946520" lon="53.272514"><ele>3076.510</ele><time>2020-06-17T10:49:09Z</time></trkpt><trkpt lat="35.946572" lon="53.272551"><ele>3076.073</ele><time>2020-06-17T10:49:10Z</time></trkpt><trkpt lat="35.946629" lon="53.272583"><ele>3075.521</ele><time>2020-06-17T10:49:11Z</time></trkpt><trkpt lat="35.946683" lon="53.272611"><ele>3075.141</ele><time>2020-06-17T10:49:12Z</time></trkpt><trkpt lat="35.946739" lon="53.272657"><ele>3074.705</ele><time>2020-06-17T10:49:13Z</time></trkpt><trkpt lat="35.946789" lon="53.272685"><ele>3074.408</ele><time>2020-06-17T10:49:14Z</time></trkpt><trkpt lat="35.946862" lon="53.272768"><ele>3073.547</ele><time>2020-06-17T10:49:16Z</time></trkpt><trkpt lat="35.946904" lon="53.272789"><ele>3072.524</ele><time>2020-06-17T10:49:17Z</time></trkpt><trkpt lat="35.946963" lon="53.272852"><ele>3070.650</ele><time>2020-06-17T10:49:19Z</time></trkpt><trkpt lat="35.947022" lon="53.272933"><ele>3069.174</ele><time>2020-06-17T10:49:21Z</time></trkpt><trkpt lat="35.947065" lon="53.272980"><ele>3068.621</ele><time>2020-06-17T10:49:22Z</time></trkpt><trkpt lat="35.947097" lon="53.273039"><ele>3067.532</ele><time>2020-06-17T10:49:23Z</time></trkpt><trkpt lat="35.947142" lon="53.273085"><ele>3066.725</ele><time>2020-06-17T10:49:24Z</time></trkpt><trkpt lat="35.947197" lon="53.273150"><ele>3066.028</ele><time>2020-06-17T10:49:26Z</time></trkpt><trkpt lat="35.947279" lon="53.273228"><ele>3064.559</ele><time>2020-06-17T10:49:28Z</time></trkpt><trkpt lat="35.947336" lon="53.273280"><ele>3063.703</ele><time>2020-06-17T10:49:29Z</time></trkpt><trkpt lat="35.947377" lon="53.273328"><ele>3062.823</ele><time>2020-06-17T10:49:30Z</time></trkpt><trkpt lat="35.947427" lon="53.273391"><ele>3061.808</ele><time>2020-06-17T10:49:31Z</time></trkpt><trkpt lat="35.947476" lon="53.273439"><ele>3060.970</ele><time>2020-06-17T10:49:32Z</time></trkpt><trkpt lat="35.947520" lon="53.273486"><ele>3060.017</ele><time>2020-06-17T10:49:33Z</time></trkpt><trkpt lat="35.947574" lon="53.273529"><ele>3059.273</ele><time>2020-06-17T10:49:34Z</time></trkpt><trkpt lat="35.947611" lon="53.273575"><ele>3058.537</ele><time>2020-06-17T10:49:35Z</time></trkpt><trkpt lat="35.947638" lon="53.273634"><ele>3057.844</ele><time>2020-06-17T10:49:36Z</time></trkpt><trkpt lat="35.947707" lon="53.273700"><ele>3056.365</ele><time>2020-06-17T10:49:38Z</time></trkpt><trkpt lat="35.947741" lon="53.273737"><ele>3055.768</ele><time>2020-06-17T10:49:39Z</time></trkpt><trkpt lat="35.947781" lon="53.273779"><ele>3055.121</ele><time>2020-06-17T10:49:40Z</time></trkpt><trkpt lat="35.947810" lon="53.273827"><ele>3054.555</ele><time>2020-06-17T10:49:41Z</time></trkpt><trkpt lat="35.947869" lon="53.273894"><ele>3053.307</ele><time>2020-06-17T10:49:43Z</time></trkpt><trkpt lat="35.947910" lon="53.273935"><ele>3052.717</ele><time>2020-06-17T10:49:44Z</time></trkpt><trkpt lat="35.947979" lon="53.274012"><ele>3051.408</ele><time>2020-06-17T10:49:46Z</time></trkpt><trkpt lat="35.948059" lon="53.274079"><ele>3050.580</ele><time>2020-06-17T10:49:48Z</time></trkpt><trkpt lat="35.948094" lon="53.274123"><ele>3050.137</ele><time>2020-06-17T10:49:49Z</time></trkpt><trkpt lat="35.948143" lon="53.274148"><ele>3049.773</ele><time>2020-06-17T10:49:50Z</time></trkpt><trkpt lat="35.948181" lon="53.274197"><ele>3049.247</ele><time>2020-06-17T10:49:51Z</time></trkpt><trkpt lat="35.948237" lon="53.274202"><ele>3049.244</ele><time>2020-06-17T10:49:52Z</time></trkpt><trkpt lat="35.948282" lon="53.274240"><ele>3048.555</ele><time>2020-06-17T10:49:53Z</time></trkpt><trkpt lat="35.948368" lon="53.274295"><ele>3046.868</ele><time>2020-06-17T10:49:55Z</time></trkpt><trkpt lat="35.948408" lon="53.274341"><ele>3045.911</ele><time>2020-06-17T10:49:56Z</time></trkpt><trkpt lat="35.948456" lon="53.274386"><ele>3045.197</ele><time>2020-06-17T10:49:57Z</time></trkpt><trkpt lat="35.948510" lon="53.274409"><ele>3044.423</ele><time>2020-06-17T10:49:58Z</time></trkpt><trkpt lat="35.948551" lon="53.274436"><ele>3043.725</ele><time>2020-06-17T10:49:59Z</time></trkpt><trkpt lat="35.948627" lon="53.274494"><ele>3042.708</ele><time>2020-06-17T10:50:01Z</time></trkpt><trkpt lat="35.948668" lon="53.274542"><ele>3042.094</ele><time>2020-06-17T10:50:02Z</time></trkpt><trkpt lat="35.948725" lon="53.274573"><ele>3041.351</ele><time>2020-06-17T10:50:03Z</time></trkpt><trkpt lat="35.948777" lon="53.274606"><ele>3040.767</ele><time>2020-06-17T10:50:04Z</time></trkpt><trkpt lat="35.948828" lon="53.274622"><ele>3040.131</ele><time>2020-06-17T10:50:05Z</time></trkpt><trkpt lat="35.948911" lon="53.274656"><ele>3038.818</ele><time>2020-06-17T10:50:07Z</time></trkpt><trkpt lat="35.948958" lon="53.274690"><ele>3038.299</ele><time>2020-06-17T10:50:08Z</time></trkpt><trkpt lat="35.949022" lon="53.274697"><ele>3037.772</ele><time>2020-06-17T10:50:09Z</time></trkpt><trkpt lat="35.949067" lon="53.274712"><ele>3037.235</ele><time>2020-06-17T10:50:10Z</time></trkpt><trkpt lat="35.949118" lon="53.274714"><ele>3036.528</ele><time>2020-06-17T10:50:11Z</time></trkpt><trkpt lat="35.949171" lon="53.274717"><ele>3035.889</ele><time>2020-06-17T10:50:12Z</time></trkpt><trkpt lat="35.949224" lon="53.274726"><ele>3035.117</ele><time>2020-06-17T10:50:13Z</time></trkpt><trkpt lat="35.949295" lon="53.274739"><ele>3033.708</ele><time>2020-06-17T10:50:15Z</time></trkpt><trkpt lat="35.949339" lon="53.274774"><ele>3032.557</ele><time>2020-06-17T10:50:17Z</time></trkpt><trkpt lat="35.949390" lon="53.274818"><ele>3031.214</ele><time>2020-06-17T10:50:20Z</time></trkpt><trkpt lat="35.949439" lon="53.274840"><ele>3030.610</ele><time>2020-06-17T10:50:21Z</time></trkpt><trkpt lat="35.949504" lon="53.274862"><ele>3030.084</ele><time>2020-06-17T10:50:22Z</time></trkpt><trkpt lat="35.949607" lon="53.274877"><ele>3029.211</ele><time>2020-06-17T10:50:24Z</time></trkpt><trkpt lat="35.949659" lon="53.274932"><ele>3028.712</ele><time>2020-06-17T10:50:25Z</time></trkpt><trkpt lat="35.949711" lon="53.274898"><ele>3028.285</ele><time>2020-06-17T10:50:26Z</time></trkpt><trkpt lat="35.949781" lon="53.274922"><ele>3025.618</ele><time>2020-06-17T10:50:29Z</time></trkpt><trkpt lat="35.949833" lon="53.274934"><ele>3024.713</ele><time>2020-06-17T10:50:30Z</time></trkpt><trkpt lat="35.949912" lon="53.274995"><ele>3023.743</ele><time>2020-06-17T10:50:31Z</time></trkpt><trkpt lat="35.949975" lon="53.275002"><ele>3022.207</ele><time>2020-06-17T10:50:33Z</time></trkpt><trkpt lat="35.950021" lon="53.275009"><ele>3021.508</ele><time>2020-06-17T10:50:34Z</time></trkpt><trkpt lat="35.950075" lon="53.275032"><ele>3020.926</ele><time>2020-06-17T10:50:35Z</time></trkpt><trkpt lat="35.950158" lon="53.275033"><ele>3019.363</ele><time>2020-06-17T10:50:37Z</time></trkpt><trkpt lat="35.950219" lon="53.275070"><ele>3018.649</ele><time>2020-06-17T10:50:38Z</time></trkpt><trkpt lat="35.950268" lon="53.275079"><ele>3018.013</ele><time>2020-06-17T10:50:39Z</time></trkpt><trkpt lat="35.950320" lon="53.275073"><ele>3017.140</ele><time>2020-06-17T10:50:40Z</time></trkpt><trkpt lat="35.950377" lon="53.275072"><ele>3016.241</ele><time>2020-06-17T10:50:41Z</time></trkpt><trkpt lat="35.950429" lon="53.275109"><ele>3014.474</ele><time>2020-06-17T10:50:43Z</time></trkpt><trkpt lat="35.950496" lon="53.275133"><ele>3013.367</ele><time>2020-06-17T10:50:45Z</time></trkpt><trkpt lat="35.950543" lon="53.275151"><ele>3012.486</ele><time>2020-06-17T10:50:46Z</time></trkpt><trkpt lat="35.950632" lon="53.275185"><ele>3010.860</ele><time>2020-06-17T10:50:48Z</time></trkpt><trkpt lat="35.950713" lon="53.275205"><ele>3009.426</ele><time>2020-06-17T10:50:50Z</time></trkpt><trkpt lat="35.950759" lon="53.275208"><ele>3008.608</ele><time>2020-06-17T10:50:51Z</time></trkpt><trkpt lat="35.950872" lon="53.275264"><ele>3006.783</ele><time>2020-06-17T10:50:53Z</time></trkpt><trkpt lat="35.950952" lon="53.275256"><ele>3005.860</ele><time>2020-06-17T10:50:54Z</time></trkpt><trkpt lat="35.951032" lon="53.275274"><ele>3004.896</ele><time>2020-06-17T10:50:55Z</time></trkpt><trkpt lat="35.951087" lon="53.275280"><ele>3003.870</ele><time>2020-06-17T10:50:56Z</time></trkpt><trkpt lat="35.951140" lon="53.275307"><ele>3002.847</ele><time>2020-06-17T10:50:57Z</time></trkpt><trkpt lat="35.951195" lon="53.275316"><ele>3001.938</ele><time>2020-06-17T10:50:58Z</time></trkpt><trkpt lat="35.951250" lon="53.275343"><ele>3000.921</ele><time>2020-06-17T10:50:59Z</time></trkpt><trkpt lat="35.951340" lon="53.275399"><ele>3000.044</ele><time>2020-06-17T10:51:00Z</time></trkpt><trkpt lat="35.951422" lon="53.275421"><ele>2998.355</ele><time>2020-06-17T10:51:02Z</time></trkpt><trkpt lat="35.951490" lon="53.275417"><ele>2997.307</ele><time>2020-06-17T10:51:03Z</time></trkpt><trkpt lat="35.951548" lon="53.275391"><ele>2995.417</ele><time>2020-06-17T10:51:05Z</time></trkpt><trkpt lat="35.951598" lon="53.275377"><ele>2994.508</ele><time>2020-06-17T10:51:06Z</time></trkpt><trkpt lat="35.951677" lon="53.275377"><ele>2993.310</ele><time>2020-06-17T10:51:08Z</time></trkpt><trkpt lat="35.951726" lon="53.275364"><ele>2992.387</ele><time>2020-06-17T10:51:10Z</time></trkpt><trkpt lat="35.951770" lon="53.275381"><ele>2991.893</ele><time>2020-06-17T10:51:12Z</time></trkpt><trkpt lat="35.951798" lon="53.275425"><ele>2990.597</ele><time>2020-06-17T10:51:14Z</time></trkpt><trkpt lat="35.951949" lon="53.275516"><ele>2989.714</ele><time>2020-06-17T10:51:15Z</time></trkpt><trkpt lat="35.952047" lon="53.275542"><ele>2988.915</ele><time>2020-06-17T10:51:16Z</time></trkpt><trkpt lat="35.952129" lon="53.275583"><ele>2988.138</ele><time>2020-06-17T10:51:17Z</time></trkpt><trkpt lat="35.952201" lon="53.275615"><ele>2987.491</ele><time>2020-06-17T10:51:18Z</time></trkpt><trkpt lat="35.952249" lon="53.275596"><ele>2986.981</ele><time>2020-06-17T10:51:19Z</time></trkpt><trkpt lat="35.952366" lon="53.275675"><ele>2986.061</ele><time>2020-06-17T10:51:21Z</time></trkpt><trkpt lat="35.952406" lon="53.275720"><ele>2985.517</ele><time>2020-06-17T10:51:22Z</time></trkpt><trkpt lat="35.952453" lon="53.275740"><ele>2984.908</ele><time>2020-06-17T10:51:23Z</time></trkpt><trkpt lat="35.952475" lon="53.275797"><ele>2984.133</ele><time>2020-06-17T10:51:24Z</time></trkpt><trkpt lat="35.952557" lon="53.275881"><ele>2983.160</ele><time>2020-06-17T10:51:25Z</time></trkpt><trkpt lat="35.952602" lon="53.275937"><ele>2980.146</ele><time>2020-06-17T10:51:28Z</time></trkpt><trkpt lat="35.952651" lon="53.275957"><ele>2979.360</ele><time>2020-06-17T10:51:29Z</time></trkpt><trkpt lat="35.952708" lon="53.276013"><ele>2978.737</ele><time>2020-06-17T10:51:30Z</time></trkpt><trkpt lat="35.952784" lon="53.276065"><ele>2977.778</ele><time>2020-06-17T10:51:32Z</time></trkpt><trkpt lat="35.952859" lon="53.276134"><ele>2975.761</ele><time>2020-06-17T10:51:35Z</time></trkpt><trkpt lat="35.952904" lon="53.276168"><ele>2974.174</ele><time>2020-06-17T10:51:37Z</time></trkpt><trkpt lat="35.952919" lon="53.276225"><ele>2973.344</ele><time>2020-06-17T10:51:39Z</time></trkpt><trkpt lat="35.952914" lon="53.276316"><ele>2972.005</ele><time>2020-06-17T10:51:41Z</time></trkpt><trkpt lat="35.952896" lon="53.276372"><ele>2971.415</ele><time>2020-06-17T10:51:42Z</time></trkpt><trkpt lat="35.952865" lon="53.276433"><ele>2970.808</ele><time>2020-06-17T10:51:43Z</time></trkpt><trkpt lat="35.952834" lon="53.276485"><ele>2970.289</ele><time>2020-06-17T10:51:44Z</time></trkpt><trkpt lat="35.952801" lon="53.276570"><ele>2969.126</ele><time>2020-06-17T10:51:46Z</time></trkpt><trkpt lat="35.952791" lon="53.276632"><ele>2968.142</ele><time>2020-06-17T10:51:48Z</time></trkpt><trkpt lat="35.952785" lon="53.276705"><ele>2967.216</ele><time>2020-06-17T10:51:50Z</time></trkpt><trkpt lat="35.952790" lon="53.276765"><ele>2966.293</ele><time>2020-06-17T10:51:52Z</time></trkpt><trkpt lat="35.952787" lon="53.276823"><ele>2965.434</ele><time>2020-06-17T10:51:54Z</time></trkpt><trkpt lat="35.952829" lon="53.276848"><ele>2964.767</ele><time>2020-06-17T10:52:03Z</time></trkpt><trkpt lat="35.952833" lon="53.276928"><ele>2964.810</ele><time>2020-06-17T10:52:05Z</time></trkpt><trkpt lat="35.952885" lon="53.276937"><ele>2964.956</ele><time>2020-06-17T10:52:08Z</time></trkpt><trkpt lat="35.952958" lon="53.276868"><ele>2964.559</ele><time>2020-06-17T10:52:10Z</time></trkpt><trkpt lat="35.953043" lon="53.276822"><ele>2963.714</ele><time>2020-06-17T10:52:12Z</time></trkpt><trkpt lat="35.953092" lon="53.276802"><ele>2963.208</ele><time>2020-06-17T10:52:13Z</time></trkpt><trkpt lat="35.953134" lon="53.276773"><ele>2962.630</ele><time>2020-06-17T10:52:14Z</time></trkpt><trkpt lat="35.953174" lon="53.276742"><ele>2962.077</ele><time>2020-06-17T10:52:15Z</time></trkpt><trkpt lat="35.953245" lon="53.276684"><ele>2960.563</ele><time>2020-06-17T10:52:17Z</time></trkpt><trkpt lat="35.953304" lon="53.276621"><ele>2959.377</ele><time>2020-06-17T10:52:19Z</time></trkpt><trkpt lat="35.953370" lon="53.276564"><ele>2958.144</ele><time>2020-06-17T10:52:21Z</time></trkpt><trkpt lat="35.953408" lon="53.276509"><ele>2957.575</ele><time>2020-06-17T10:52:22Z</time></trkpt><trkpt lat="35.953448" lon="53.276456"><ele>2956.868</ele><time>2020-06-17T10:52:23Z</time></trkpt><trkpt lat="35.953482" lon="53.276307"><ele>2956.111</ele><time>2020-06-17T10:52:24Z</time></trkpt><trkpt lat="35.953537" lon="53.276279"><ele>2955.441</ele><time>2020-06-17T10:52:25Z</time></trkpt><trkpt lat="35.953591" lon="53.276216"><ele>2954.481</ele><time>2020-06-17T10:52:27Z</time></trkpt><trkpt lat="35.953513" lon="53.276422"><ele>2953.909</ele><time>2020-06-17T10:52:28Z</time></trkpt><trkpt lat="35.953642" lon="53.276390"><ele>2953.308</ele><time>2020-06-17T10:52:29Z</time></trkpt><trkpt lat="35.953672" lon="53.276441"><ele>2952.729</ele><time>2020-06-17T10:52:30Z</time></trkpt><trkpt lat="35.953725" lon="53.276426"><ele>2952.746</ele><time>2020-06-17T10:52:31Z</time></trkpt><trkpt lat="35.953851" lon="53.276441"><ele>2951.612</ele><time>2020-06-17T10:52:33Z</time></trkpt><trkpt lat="35.953911" lon="53.276404"><ele>2950.846</ele><time>2020-06-17T10:52:35Z</time></trkpt><trkpt lat="35.953990" lon="53.276331"><ele>2950.433</ele><time>2020-06-17T10:52:37Z</time></trkpt><trkpt lat="35.954034" lon="53.276319"><ele>2950.144</ele><time>2020-06-17T10:52:38Z</time></trkpt><trkpt lat="35.954104" lon="53.276323"><ele>2949.847</ele><time>2020-06-17T10:52:39Z</time></trkpt><trkpt lat="35.954163" lon="53.276376"><ele>2947.850</ele><time>2020-06-17T10:52:44Z</time></trkpt><trkpt lat="35.954246" lon="53.276433"><ele>2947.151</ele><time>2020-06-17T10:52:46Z</time></trkpt><trkpt lat="35.954309" lon="53.276402"><ele>2946.101</ele><time>2020-06-17T10:52:49Z</time></trkpt><trkpt lat="35.954335" lon="53.276347"><ele>2944.811</ele><time>2020-06-17T10:52:52Z</time></trkpt><trkpt lat="35.954150" lon="53.276202"><ele>2944.208</ele><time>2020-06-17T10:52:53Z</time></trkpt><trkpt lat="35.954186" lon="53.276237"><ele>2943.680</ele><time>2020-06-17T10:52:54Z</time></trkpt><trkpt lat="35.954259" lon="53.276246"><ele>2942.677</ele><time>2020-06-17T10:52:56Z</time></trkpt><trkpt lat="35.954313" lon="53.276261"><ele>2942.223</ele><time>2020-06-17T10:52:58Z</time></trkpt><trkpt lat="35.954368" lon="53.276310"><ele>2941.567</ele><time>2020-06-17T10:53:00Z</time></trkpt><trkpt lat="35.954421" lon="53.276359"><ele>2940.854</ele><time>2020-06-17T10:53:02Z</time></trkpt><trkpt lat="35.954464" lon="53.276404"><ele>2940.365</ele><time>2020-06-17T10:53:04Z</time></trkpt><trkpt lat="35.954507" lon="53.276457"><ele>2939.928</ele><time>2020-06-17T10:53:06Z</time></trkpt><trkpt lat="35.954559" lon="53.276508"><ele>2939.451</ele><time>2020-06-17T10:53:08Z</time></trkpt><trkpt lat="35.954618" lon="53.276549"><ele>2938.833</ele><time>2020-06-17T10:53:10Z</time></trkpt><trkpt lat="35.954671" lon="53.276588"><ele>2938.423</ele><time>2020-06-17T10:53:12Z</time></trkpt><trkpt lat="35.954728" lon="53.276637"><ele>2938.215</ele><time>2020-06-17T10:53:14Z</time></trkpt><trkpt lat="35.954770" lon="53.276715"><ele>2937.808</ele><time>2020-06-17T10:53:16Z</time></trkpt><trkpt lat="35.954803" lon="53.276807"><ele>2937.398</ele><time>2020-06-17T10:53:18Z</time></trkpt><trkpt lat="35.954837" lon="53.276886"><ele>2936.775</ele><time>2020-06-17T10:53:20Z</time></trkpt><trkpt lat="35.954853" lon="53.276938"><ele>2935.511</ele><time>2020-06-17T10:53:22Z</time></trkpt><trkpt lat="35.954884" lon="53.277000"><ele>2934.965</ele><time>2020-06-17T10:53:24Z</time></trkpt><trkpt lat="35.954911" lon="53.277058"><ele>2933.672</ele><time>2020-06-17T10:53:26Z</time></trkpt><trkpt lat="35.954956" lon="53.277113"><ele>2932.333</ele><time>2020-06-17T10:53:28Z</time></trkpt><trkpt lat="35.955025" lon="53.277172"><ele>2931.066</ele><time>2020-06-17T10:53:30Z</time></trkpt><trkpt lat="35.955097" lon="53.277226"><ele>2929.849</ele><time>2020-06-17T10:53:32Z</time></trkpt><trkpt lat="35.955175" lon="53.277282"><ele>2928.868</ele><time>2020-06-17T10:53:34Z</time></trkpt><trkpt lat="35.955247" lon="53.277336"><ele>2927.842</ele><time>2020-06-17T10:53:36Z</time></trkpt><trkpt lat="35.955310" lon="53.277386"><ele>2927.126</ele><time>2020-06-17T10:53:38Z</time></trkpt><trkpt lat="35.955354" lon="53.277428"><ele>2926.508</ele><time>2020-06-17T10:53:40Z</time></trkpt><trkpt lat="35.955392" lon="53.277471"><ele>2925.851</ele><time>2020-06-17T10:53:42Z</time></trkpt><trkpt lat="35.955451" lon="53.277467"><ele>2925.088</ele><time>2020-06-17T10:53:44Z</time></trkpt><trkpt lat="35.956112" lon="53.277874"><ele>2901.234</ele><time>2020-06-17T10:54:49Z</time></trkpt><trkpt lat="35.956184" lon="53.277892"><ele>2900.248</ele><time>2020-06-17T10:54:51Z</time></trkpt><trkpt lat="35.956343" lon="53.278060"><ele>2899.225</ele><time>2020-06-17T10:54:53Z</time></trkpt><trkpt lat="35.956397" lon="53.278095"><ele>2898.036</ele><time>2020-06-17T10:54:55Z</time></trkpt><trkpt lat="35.968652" lon="53.281974"><ele>2747.659</ele><time>2020-06-17T11:01:35Z</time></trkpt><trkpt lat="35.968705" lon="53.282033"><ele>2748.192</ele><time>2020-06-17T11:01:37Z</time></trkpt><trkpt lat="35.968776" lon="53.282063"><ele>2748.671</ele><time>2020-06-17T11:01:39Z</time></trkpt><trkpt lat="35.968856" lon="53.282094"><ele>2748.641</ele><time>2020-06-17T11:01:41Z</time></trkpt><trkpt lat="35.968901" lon="53.282108"><ele>2748.415</ele><time>2020-06-17T11:01:42Z</time></trkpt><trkpt lat="35.968947" lon="53.282121"><ele>2748.108</ele><time>2020-06-17T11:01:43Z</time></trkpt><trkpt lat="35.969026" lon="53.282149"><ele>2747.412</ele><time>2020-06-17T11:01:45Z</time></trkpt><trkpt lat="35.969084" lon="53.282186"><ele>2747.139</ele><time>2020-06-17T11:01:47Z</time></trkpt><trkpt lat="35.969141" lon="53.282199"><ele>2746.925</ele><time>2020-06-17T11:01:48Z</time></trkpt><trkpt lat="35.969240" lon="53.282223"><ele>2747.239</ele><time>2020-06-17T11:01:50Z</time></trkpt><trkpt lat="35.969312" lon="53.282235"><ele>2747.526</ele><time>2020-06-17T11:01:52Z</time></trkpt><trkpt lat="35.969395" lon="53.282244"><ele>2748.187</ele><time>2020-06-17T11:01:54Z</time></trkpt><trkpt lat="35.969461" lon="53.282268"><ele>2748.460</ele><time>2020-06-17T11:01:56Z</time></trkpt><trkpt lat="35.969539" lon="53.282285"><ele>2748.463</ele><time>2020-06-17T11:01:58Z</time></trkpt><trkpt lat="35.969620" lon="53.282294"><ele>2748.277</ele><time>2020-06-17T11:02:00Z</time></trkpt><trkpt lat="35.969706" lon="53.282291"><ele>2747.561</ele><time>2020-06-17T11:02:02Z</time></trkpt><trkpt lat="35.969746" lon="53.282248"><ele>2747.127</ele><time>2020-06-17T11:02:03Z</time></trkpt><trkpt lat="35.969826" lon="53.282257"><ele>2746.508</ele><time>2020-06-17T11:02:05Z</time></trkpt><trkpt lat="35.969870" lon="53.282312"><ele>2746.192</ele><time>2020-06-17T11:02:06Z</time></trkpt><trkpt lat="35.969916" lon="53.282310"><ele>2745.959</ele><time>2020-06-17T11:02:07Z</time></trkpt><trkpt lat="35.969958" lon="53.282357"><ele>2745.935</ele><time>2020-06-17T11:02:08Z</time></trkpt><trkpt lat="35.970021" lon="53.282393"><ele>2745.469</ele><time>2020-06-17T11:02:10Z</time></trkpt><trkpt lat="35.970097" lon="53.282442"><ele>2745.176</ele><time>2020-06-17T11:02:12Z</time></trkpt><trkpt lat="35.970145" lon="53.282468"><ele>2745.027</ele><time>2020-06-17T11:02:13Z</time></trkpt><trkpt lat="35.970226" lon="53.282505"><ele>2744.730</ele><time>2020-06-17T11:02:15Z</time></trkpt><trkpt lat="35.970444" lon="53.282580"><ele>2743.773</ele><time>2020-06-17T11:02:19Z</time></trkpt><trkpt lat="35.970530" lon="53.282627"><ele>2743.482</ele><time>2020-06-17T11:02:20Z</time></trkpt><trkpt lat="35.970583" lon="53.282643"><ele>2743.443</ele><time>2020-06-17T11:02:21Z</time></trkpt><trkpt lat="35.970632" lon="53.282664"><ele>2743.117</ele><time>2020-06-17T11:02:22Z</time></trkpt><trkpt lat="35.970687" lon="53.282723"><ele>2742.808</ele><time>2020-06-17T11:02:23Z</time></trkpt><trkpt lat="35.970742" lon="53.282765"><ele>2742.623</ele><time>2020-06-17T11:02:24Z</time></trkpt><trkpt lat="35.970815" lon="53.282792"><ele>2742.470</ele><time>2020-06-17T11:02:25Z</time></trkpt><trkpt lat="35.970866" lon="53.282826"><ele>2742.216</ele><time>2020-06-17T11:02:26Z</time></trkpt><trkpt lat="35.970922" lon="53.282823"><ele>2742.020</ele><time>2020-06-17T11:02:27Z</time></trkpt><trkpt lat="35.970981" lon="53.282870"><ele>2741.737</ele><time>2020-06-17T11:02:28Z</time></trkpt><trkpt lat="35.971075" lon="53.282983"><ele>2741.038</ele><time>2020-06-17T11:02:30Z</time></trkpt><trkpt lat="35.971143" lon="53.283076"><ele>2740.741</ele><time>2020-06-17T11:02:31Z</time></trkpt><trkpt lat="35.971159" lon="53.283135"><ele>2740.474</ele><time>2020-06-17T11:02:32Z</time></trkpt><trkpt lat="35.971196" lon="53.283201"><ele>2740.111</ele><time>2020-06-17T11:02:33Z</time></trkpt><trkpt lat="35.971233" lon="53.283275"><ele>2739.721</ele><time>2020-06-17T11:02:34Z</time></trkpt><trkpt lat="35.971245" lon="53.283347"><ele>2739.203</ele><time>2020-06-17T11:02:35Z</time></trkpt><trkpt lat="35.971272" lon="53.283408"><ele>2738.608</ele><time>2020-06-17T11:02:36Z</time></trkpt><trkpt lat="35.971295" lon="53.283503"><ele>2738.146</ele><time>2020-06-17T11:02:37Z</time></trkpt><trkpt lat="35.971315" lon="53.283620"><ele>2737.613</ele><time>2020-06-17T11:02:38Z</time></trkpt><trkpt lat="35.971358" lon="53.283653"><ele>2737.219</ele><time>2020-06-17T11:02:39Z</time></trkpt><trkpt lat="35.971407" lon="53.283717"><ele>2736.823</ele><time>2020-06-17T11:02:40Z</time></trkpt><trkpt lat="35.971463" lon="53.283768"><ele>2736.560</ele><time>2020-06-17T11:02:41Z</time></trkpt><trkpt lat="35.971509" lon="53.283832"><ele>2736.251</ele><time>2020-06-17T11:02:42Z</time></trkpt><trkpt lat="35.971568" lon="53.283873"><ele>2736.084</ele><time>2020-06-17T11:02:43Z</time></trkpt><trkpt lat="35.971631" lon="53.283890"><ele>2735.797</ele><time>2020-06-17T11:02:44Z</time></trkpt><trkpt lat="35.971687" lon="53.283927"><ele>2735.645</ele><time>2020-06-17T11:02:45Z</time></trkpt><trkpt lat="35.971742" lon="53.283929"><ele>2735.547</ele><time>2020-06-17T11:02:46Z</time></trkpt><trkpt lat="35.971834" lon="53.283952"><ele>2735.411</ele><time>2020-06-17T11:02:48Z</time></trkpt><trkpt lat="35.971884" lon="53.283991"><ele>2735.108</ele><time>2020-06-17T11:02:49Z</time></trkpt><trkpt lat="35.971933" lon="53.284055"><ele>2734.319</ele><time>2020-06-17T11:02:51Z</time></trkpt><trkpt lat="35.971973" lon="53.284021"><ele>2732.996</ele><time>2020-06-17T11:02:53Z</time></trkpt><trkpt lat="35.972020" lon="53.284054"><ele>2732.272</ele><time>2020-06-17T11:02:54Z</time></trkpt><trkpt lat="35.972076" lon="53.284113"><ele>2730.966</ele><time>2020-06-17T11:02:56Z</time></trkpt><trkpt lat="35.972100" lon="53.284183"><ele>2730.523</ele><time>2020-06-17T11:02:57Z</time></trkpt><trkpt lat="35.972128" lon="53.284262"><ele>2730.164</ele><time>2020-06-17T11:02:58Z</time></trkpt><trkpt lat="35.972165" lon="53.284311"><ele>2729.797</ele><time>2020-06-17T11:02:59Z</time></trkpt><trkpt lat="35.972193" lon="53.284371"><ele>2728.010</ele><time>2020-06-17T11:03:02Z</time></trkpt><trkpt lat="35.972243" lon="53.284403"><ele>2726.816</ele><time>2020-06-17T11:03:04Z</time></trkpt><trkpt lat="35.972293" lon="53.284363"><ele>2726.276</ele><time>2020-06-17T11:03:05Z</time></trkpt><trkpt lat="35.972344" lon="53.284313"><ele>2724.213</ele><time>2020-06-17T11:03:09Z</time></trkpt><trkpt lat="35.972377" lon="53.284372"><ele>2723.408</ele><time>2020-06-17T11:03:11Z</time></trkpt><trkpt lat="35.972426" lon="53.284444"><ele>2723.096</ele><time>2020-06-17T11:03:13Z</time></trkpt><trkpt lat="35.972497" lon="53.284510"><ele>2721.973</ele><time>2020-06-17T11:03:15Z</time></trkpt><trkpt lat="35.972546" lon="53.284532"><ele>2721.339</ele><time>2020-06-17T11:03:16Z</time></trkpt><trkpt lat="35.972600" lon="53.284547"><ele>2720.693</ele><time>2020-06-17T11:03:17Z</time></trkpt><trkpt lat="35.972657" lon="53.284559"><ele>2719.880</ele><time>2020-06-17T11:03:18Z</time></trkpt><trkpt lat="35.972704" lon="53.284574"><ele>2718.971</ele><time>2020-06-17T11:03:19Z</time></trkpt><trkpt lat="35.972774" lon="53.284606"><ele>2717.254</ele><time>2020-06-17T11:03:21Z</time></trkpt><trkpt lat="35.972827" lon="53.284634"><ele>2715.697</ele><time>2020-06-17T11:03:23Z</time></trkpt><trkpt lat="35.972866" lon="53.284665"><ele>2714.326</ele><time>2020-06-17T11:03:25Z</time></trkpt><trkpt lat="35.972894" lon="53.284737"><ele>2713.247</ele><time>2020-06-17T11:03:28Z</time></trkpt><trkpt lat="35.972938" lon="53.284809"><ele>2712.611</ele><time>2020-06-17T11:03:31Z</time></trkpt><trkpt lat="35.972981" lon="53.284861"><ele>2712.108</ele><time>2020-06-17T11:03:33Z</time></trkpt><trkpt lat="35.973025" lon="53.284897"><ele>2711.797</ele><time>2020-06-17T11:03:35Z</time></trkpt><trkpt lat="35.973078" lon="53.284867"><ele>2711.584</ele><time>2020-06-17T11:03:38Z</time></trkpt><trkpt lat="35.973113" lon="53.284820"><ele>2711.640</ele><time>2020-06-17T11:03:40Z</time></trkpt><trkpt lat="35.973159" lon="53.284787"><ele>2711.664</ele><time>2020-06-17T11:03:42Z</time></trkpt><trkpt lat="35.973217" lon="53.284760"><ele>2711.611</ele><time>2020-06-17T11:03:44Z</time></trkpt><trkpt lat="35.973282" lon="53.284752"><ele>2711.522</ele><time>2020-06-17T11:03:46Z</time></trkpt><trkpt lat="35.973372" lon="53.284770"><ele>2711.435</ele><time>2020-06-17T11:03:48Z</time></trkpt><trkpt lat="35.973468" lon="53.284808"><ele>2711.368</ele><time>2020-06-17T11:03:49Z</time></trkpt><trkpt lat="35.973515" lon="53.284843"><ele>2711.186</ele><time>2020-06-17T11:03:50Z</time></trkpt><trkpt lat="35.973548" lon="53.284884"><ele>2710.960</ele><time>2020-06-17T11:03:51Z</time></trkpt><trkpt lat="35.973608" lon="53.284932"><ele>2710.726</ele><time>2020-06-17T11:03:52Z</time></trkpt><trkpt lat="35.973684" lon="53.284863"><ele>2710.108</ele><time>2020-06-17T11:03:54Z</time></trkpt><trkpt lat="35.973731" lon="53.284891"><ele>2709.713</ele><time>2020-06-17T11:03:55Z</time></trkpt><trkpt lat="35.973790" lon="53.284920"><ele>2709.440</ele><time>2020-06-17T11:03:56Z</time></trkpt><trkpt lat="35.973855" lon="53.284981"><ele>2708.366</ele><time>2020-06-17T11:03:59Z</time></trkpt><trkpt lat="35.973898" lon="53.285016"><ele>2708.250</ele><time>2020-06-17T11:04:00Z</time></trkpt><trkpt lat="35.973974" lon="53.285065"><ele>2707.857</ele><time>2020-06-17T11:04:02Z</time></trkpt><trkpt lat="35.974020" lon="53.285080"><ele>2707.658</ele><time>2020-06-17T11:04:03Z</time></trkpt><trkpt lat="35.974083" lon="53.285124"><ele>2707.351</ele><time>2020-06-17T11:04:05Z</time></trkpt><trkpt lat="35.974144" lon="53.285176"><ele>2707.164</ele><time>2020-06-17T11:04:07Z</time></trkpt><trkpt lat="35.974215" lon="53.285209"><ele>2706.785</ele><time>2020-06-17T11:04:09Z</time></trkpt><trkpt lat="35.974297" lon="53.285235"><ele>2706.489</ele><time>2020-06-17T11:04:10Z</time></trkpt><trkpt lat="35.974343" lon="53.285218"><ele>2705.917</ele><time>2020-06-17T11:04:12Z</time></trkpt><trkpt lat="35.974377" lon="53.285279"><ele>2705.608</ele><time>2020-06-17T11:04:13Z</time></trkpt><trkpt lat="35.974308" lon="53.285284"><ele>2705.283</ele><time>2020-06-17T11:04:14Z</time></trkpt><trkpt lat="35.974257" lon="53.285252"><ele>2704.940</ele><time>2020-06-17T11:04:15Z</time></trkpt><trkpt lat="35.974311" lon="53.285266"><ele>2704.356</ele><time>2020-06-17T11:04:18Z</time></trkpt><trkpt lat="35.974361" lon="53.285274"><ele>2704.370</ele><time>2020-06-17T11:04:20Z</time></trkpt><trkpt lat="35.974424" lon="53.285325"><ele>2704.477</ele><time>2020-06-17T11:04:22Z</time></trkpt><trkpt lat="35.974505" lon="53.285364"><ele>2704.478</ele><time>2020-06-17T11:04:24Z</time></trkpt><trkpt lat="35.974552" lon="53.285382"><ele>2704.471</ele><time>2020-06-17T11:04:25Z</time></trkpt><trkpt lat="35.974603" lon="53.285400"><ele>2704.494</ele><time>2020-06-17T11:04:26Z</time></trkpt><trkpt lat="35.974710" lon="53.285436"><ele>2704.367</ele><time>2020-06-17T11:04:27Z</time></trkpt><trkpt lat="35.974780" lon="53.285418"><ele>2704.181</ele><time>2020-06-17T11:04:29Z</time></trkpt><trkpt lat="35.974860" lon="53.285397"><ele>2703.619</ele><time>2020-06-17T11:04:31Z</time></trkpt><trkpt lat="35.974911" lon="53.285371"><ele>2703.408</ele><time>2020-06-17T11:04:32Z</time></trkpt><trkpt lat="35.974957" lon="53.285345"><ele>2703.111</ele><time>2020-06-17T11:04:33Z</time></trkpt><trkpt lat="35.975003" lon="53.285334"><ele>2703.138</ele><time>2020-06-17T11:04:34Z</time></trkpt><trkpt lat="35.975094" lon="53.285315"><ele>2701.954</ele><time>2020-06-17T11:04:37Z</time></trkpt><trkpt lat="35.975182" lon="53.285320"><ele>2701.578</ele><time>2020-06-17T11:04:39Z</time></trkpt><trkpt lat="35.975269" lon="53.285332"><ele>2701.465</ele><time>2020-06-17T11:04:41Z</time></trkpt><trkpt lat="35.975359" lon="53.285350"><ele>2701.456</ele><time>2020-06-17T11:04:43Z</time></trkpt><trkpt lat="35.975445" lon="53.285376"><ele>2700.839</ele><time>2020-06-17T11:04:45Z</time></trkpt><trkpt lat="35.975530" lon="53.285389"><ele>2700.172</ele><time>2020-06-17T11:04:47Z</time></trkpt><trkpt lat="35.975577" lon="53.285398"><ele>2699.754</ele><time>2020-06-17T11:04:48Z</time></trkpt><trkpt lat="35.975623" lon="53.285409"><ele>2699.556</ele><time>2020-06-17T11:04:49Z</time></trkpt><trkpt lat="35.975691" lon="53.285437"><ele>2698.911</ele><time>2020-06-17T11:04:51Z</time></trkpt><trkpt lat="35.975755" lon="53.285462"><ele>2698.608</ele><time>2020-06-17T11:04:53Z</time></trkpt><trkpt lat="35.975832" lon="53.285487"><ele>2698.230</ele><time>2020-06-17T11:04:55Z</time></trkpt><trkpt lat="35.975897" lon="53.285516"><ele>2697.637</ele><time>2020-06-17T11:04:57Z</time></trkpt><trkpt lat="35.975955" lon="53.285542"><ele>2696.623</ele><time>2020-06-17T11:04:59Z</time></trkpt><trkpt lat="35.976004" lon="53.285563"><ele>2695.367</ele><time>2020-06-17T11:05:01Z</time></trkpt><trkpt lat="35.976058" lon="53.285585"><ele>2694.314</ele><time>2020-06-17T11:05:03Z</time></trkpt><trkpt lat="35.976114" lon="53.285611"><ele>2693.725</ele><time>2020-06-17T11:05:05Z</time></trkpt><trkpt lat="35.976167" lon="53.285643"><ele>2693.088</ele><time>2020-06-17T11:05:07Z</time></trkpt><trkpt lat="35.976220" lon="53.285673"><ele>2692.211</ele><time>2020-06-17T11:05:09Z</time></trkpt><trkpt lat="35.976282" lon="53.285707"><ele>2691.428</ele><time>2020-06-17T11:05:11Z</time></trkpt><trkpt lat="35.976344" lon="53.285734"><ele>2691.189</ele><time>2020-06-17T11:05:13Z</time></trkpt><trkpt lat="35.976391" lon="53.285745"><ele>2690.717</ele><time>2020-06-17T11:05:15Z</time></trkpt><trkpt lat="35.976441" lon="53.285737"><ele>2689.908</ele><time>2020-06-17T11:05:18Z</time></trkpt><trkpt lat="35.976487" lon="53.285710"><ele>2689.177</ele><time>2020-06-17T11:05:21Z</time></trkpt><trkpt lat="35.976540" lon="53.285678"><ele>2689.134</ele><time>2020-06-17T11:05:24Z</time></trkpt><trkpt lat="35.976606" lon="53.285658"><ele>2689.440</ele><time>2020-06-17T11:05:27Z</time></trkpt><trkpt lat="35.976683" lon="53.285666"><ele>2689.564</ele><time>2020-06-17T11:05:29Z</time></trkpt><trkpt lat="35.976728" lon="53.285677"><ele>2689.531</ele><time>2020-06-17T11:05:30Z</time></trkpt><trkpt lat="35.976773" lon="53.285690"><ele>2689.542</ele><time>2020-06-17T11:05:31Z</time></trkpt><trkpt lat="35.976820" lon="53.285705"><ele>2689.575</ele><time>2020-06-17T11:05:32Z</time></trkpt><trkpt lat="35.976868" lon="53.285722"><ele>2689.468</ele><time>2020-06-17T11:05:33Z</time></trkpt><trkpt lat="35.976947" lon="53.285756"><ele>2688.954</ele><time>2020-06-17T11:05:35Z</time></trkpt><trkpt lat="35.977018" lon="53.285806"><ele>2688.156</ele><time>2020-06-17T11:05:37Z</time></trkpt><trkpt lat="35.977081" lon="53.285863"><ele>2687.311</ele><time>2020-06-17T11:05:39Z</time></trkpt><trkpt lat="35.977138" lon="53.285913"><ele>2686.908</ele><time>2020-06-17T11:05:41Z</time></trkpt><trkpt lat="35.977185" lon="53.285960"><ele>2686.120</ele><time>2020-06-17T11:05:43Z</time></trkpt><trkpt lat="35.977232" lon="53.286009"><ele>2685.677</ele><time>2020-06-17T11:05:45Z</time></trkpt><trkpt lat="35.977287" lon="53.286051"><ele>2685.383</ele><time>2020-06-17T11:05:47Z</time></trkpt><trkpt lat="35.977346" lon="53.286092"><ele>2685.317</ele><time>2020-06-17T11:05:49Z</time></trkpt><trkpt lat="35.977406" lon="53.286133"><ele>2685.014</ele><time>2020-06-17T11:05:51Z</time></trkpt><trkpt lat="35.977463" lon="53.286178"><ele>2684.765</ele><time>2020-06-17T11:05:53Z</time></trkpt><trkpt lat="35.977516" lon="53.286229"><ele>2684.148</ele><time>2020-06-17T11:05:55Z</time></trkpt><trkpt lat="35.977559" lon="53.286276"><ele>2683.481</ele><time>2020-06-17T11:05:57Z</time></trkpt><trkpt lat="35.977613" lon="53.286323"><ele>2683.043</ele><time>2020-06-17T11:06:00Z</time></trkpt><trkpt lat="35.977672" lon="53.286351"><ele>2682.864</ele><time>2020-06-17T11:06:03Z</time></trkpt><trkpt lat="35.977716" lon="53.286367"><ele>2682.310</ele><time>2020-06-17T11:06:05Z</time></trkpt><trkpt lat="35.977760" lon="53.286383"><ele>2681.608</ele><time>2020-06-17T11:06:07Z</time></trkpt><trkpt lat="35.977814" lon="53.286382"><ele>2681.019</ele><time>2020-06-17T11:06:10Z</time></trkpt><trkpt lat="35.977867" lon="53.286379"><ele>2680.426</ele><time>2020-06-17T11:06:13Z</time></trkpt><trkpt lat="35.977933" lon="53.286386"><ele>2680.132</ele><time>2020-06-17T11:06:16Z</time></trkpt><trkpt lat="35.977992" lon="53.286418"><ele>2679.936</ele><time>2020-06-17T11:06:19Z</time></trkpt><trkpt lat="35.978040" lon="53.286457"><ele>2679.943</ele><time>2020-06-17T11:06:21Z</time></trkpt><trkpt lat="35.978090" lon="53.286505"><ele>2679.744</ele><time>2020-06-17T11:06:23Z</time></trkpt><trkpt lat="35.978128" lon="53.286553"><ele>2679.477</ele><time>2020-06-17T11:06:25Z</time></trkpt><trkpt lat="35.978171" lon="53.286591"><ele>2679.250</ele><time>2020-06-17T11:06:27Z</time></trkpt><trkpt lat="35.978231" lon="53.286631"><ele>2678.914</ele><time>2020-06-17T11:06:30Z</time></trkpt><trkpt lat="35.978274" lon="53.286651"><ele>2678.754</ele><time>2020-06-17T11:06:32Z</time></trkpt><trkpt lat="35.978326" lon="53.286672"><ele>2678.609</ele><time>2020-06-17T11:06:34Z</time></trkpt><trkpt lat="35.978396" lon="53.286703"><ele>2678.608</ele><time>2020-06-17T11:06:36Z</time></trkpt><trkpt lat="35.978465" lon="53.286730"><ele>2678.386</ele><time>2020-06-17T11:06:38Z</time></trkpt><trkpt lat="35.978517" lon="53.286751"><ele>2677.773</ele><time>2020-06-17T11:06:40Z</time></trkpt><trkpt lat="35.978562" lon="53.286763"><ele>2676.929</ele><time>2020-06-17T11:06:42Z</time></trkpt><trkpt lat="35.978611" lon="53.286777"><ele>2675.953</ele><time>2020-06-17T11:06:45Z</time></trkpt><trkpt lat="35.978673" lon="53.286802"><ele>2675.550</ele><time>2020-06-17T11:06:48Z</time></trkpt><trkpt lat="35.978731" lon="53.286842"><ele>2675.161</ele><time>2020-06-17T11:06:51Z</time></trkpt><trkpt lat="35.978786" lon="53.286868"><ele>2675.024</ele><time>2020-06-17T11:06:53Z</time></trkpt><trkpt lat="35.978860" lon="53.286893"><ele>2675.027</ele><time>2020-06-17T11:06:55Z</time></trkpt><trkpt lat="35.978968" lon="53.286919"><ele>2675.325</ele><time>2020-06-17T11:06:57Z</time></trkpt><trkpt lat="35.979015" lon="53.286936"><ele>2675.626</ele><time>2020-06-17T11:06:58Z</time></trkpt><trkpt lat="35.979065" lon="53.286953"><ele>2675.908</ele><time>2020-06-17T11:06:59Z</time></trkpt><trkpt lat="35.979112" lon="53.286975"><ele>2676.208</ele><time>2020-06-17T11:07:00Z</time></trkpt><trkpt lat="35.979161" lon="53.286997"><ele>2676.677</ele><time>2020-06-17T11:07:01Z</time></trkpt><trkpt lat="35.979206" lon="53.287018"><ele>2676.874</ele><time>2020-06-17T11:07:02Z</time></trkpt><trkpt lat="35.979255" lon="53.287045"><ele>2676.820</ele><time>2020-06-17T11:07:03Z</time></trkpt><trkpt lat="35.979301" lon="53.287070"><ele>2676.814</ele><time>2020-06-17T11:07:04Z</time></trkpt><trkpt lat="35.979353" lon="53.287101"><ele>2676.861</ele><time>2020-06-17T11:07:05Z</time></trkpt><trkpt lat="35.979403" lon="53.287135"><ele>2676.752</ele><time>2020-06-17T11:07:06Z</time></trkpt><trkpt lat="35.979458" lon="53.287172"><ele>2676.685</ele><time>2020-06-17T11:07:07Z</time></trkpt><trkpt lat="35.979520" lon="53.287201"><ele>2676.658</ele><time>2020-06-17T11:07:08Z</time></trkpt><trkpt lat="35.979594" lon="53.287266"><ele>2676.774</ele><time>2020-06-17T11:07:10Z</time></trkpt><trkpt lat="35.979637" lon="53.287307"><ele>2676.656</ele><time>2020-06-17T11:07:11Z</time></trkpt><trkpt lat="35.979677" lon="53.287338"><ele>2676.421</ele><time>2020-06-17T11:07:12Z</time></trkpt><trkpt lat="35.979734" lon="53.287374"><ele>2675.508</ele><time>2020-06-17T11:07:14Z</time></trkpt><trkpt lat="35.979780" lon="53.287390"><ele>2674.482</ele><time>2020-06-17T11:07:17Z</time></trkpt><trkpt lat="35.979828" lon="53.287423"><ele>2673.539</ele><time>2020-06-17T11:07:30Z</time></trkpt><trkpt lat="35.979886" lon="53.287443"><ele>2673.815</ele><time>2020-06-17T11:07:32Z</time></trkpt><trkpt lat="35.979948" lon="53.287468"><ele>2674.089</ele><time>2020-06-17T11:07:34Z</time></trkpt><trkpt lat="35.980012" lon="53.287503"><ele>2674.136</ele><time>2020-06-17T11:07:36Z</time></trkpt><trkpt lat="35.980076" lon="53.287548"><ele>2674.067</ele><time>2020-06-17T11:07:38Z</time></trkpt><trkpt lat="35.980128" lon="53.287604"><ele>2673.620</ele><time>2020-06-17T11:07:40Z</time></trkpt><trkpt lat="35.980170" lon="53.287660"><ele>2672.713</ele><time>2020-06-17T11:07:42Z</time></trkpt><trkpt lat="35.980202" lon="53.287705"><ele>2672.247</ele><time>2020-06-17T11:07:44Z</time></trkpt><trkpt lat="35.980246" lon="53.287722"><ele>2671.129</ele><time>2020-06-17T11:07:47Z</time></trkpt><trkpt lat="35.980297" lon="53.287697"><ele>2670.821</ele><time>2020-06-17T11:07:50Z</time></trkpt><trkpt lat="35.980350" lon="53.287674"><ele>2671.108</ele><time>2020-06-17T11:07:52Z</time></trkpt><trkpt lat="35.980415" lon="53.287657"><ele>2671.829</ele><time>2020-06-17T11:07:54Z</time></trkpt><trkpt lat="35.980488" lon="53.287657"><ele>2672.766</ele><time>2020-06-17T11:07:56Z</time></trkpt><trkpt lat="35.980558" lon="53.287676"><ele>2673.522</ele><time>2020-06-17T11:07:58Z</time></trkpt><trkpt lat="35.980652" lon="53.287737"><ele>2674.246</ele><time>2020-06-17T11:08:00Z</time></trkpt><trkpt lat="35.980700" lon="53.287771"><ele>2674.653</ele><time>2020-06-17T11:08:01Z</time></trkpt><trkpt lat="35.980750" lon="53.287803"><ele>2674.964</ele><time>2020-06-17T11:08:02Z</time></trkpt><trkpt lat="35.980807" lon="53.287834"><ele>2675.277</ele><time>2020-06-17T11:08:03Z</time></trkpt><trkpt lat="35.980880" lon="53.287900"><ele>2675.730</ele><time>2020-06-17T11:08:05Z</time></trkpt><trkpt lat="35.980925" lon="53.287936"><ele>2675.793</ele><time>2020-06-17T11:08:06Z</time></trkpt><trkpt lat="35.980973" lon="53.287971"><ele>2675.665</ele><time>2020-06-17T11:08:07Z</time></trkpt><trkpt lat="35.981024" lon="53.287999"><ele>2675.521</ele><time>2020-06-17T11:08:08Z</time></trkpt><trkpt lat="35.981065" lon="53.288031"><ele>2675.508</ele><time>2020-06-17T11:08:09Z</time></trkpt><trkpt lat="35.981118" lon="53.288059"><ele>2675.494</ele><time>2020-06-17T11:08:10Z</time></trkpt><trkpt lat="35.981165" lon="53.288084"><ele>2675.191</ele><time>2020-06-17T11:08:11Z</time></trkpt><trkpt lat="35.981213" lon="53.288108"><ele>2674.897</ele><time>2020-06-17T11:08:12Z</time></trkpt><trkpt lat="35.981266" lon="53.288131"><ele>2674.521</ele><time>2020-06-17T11:08:13Z</time></trkpt><trkpt lat="35.981321" lon="53.288148"><ele>2673.448</ele><time>2020-06-17T11:08:15Z</time></trkpt><trkpt lat="35.981389" lon="53.288173"><ele>2672.869</ele><time>2020-06-17T11:08:16Z</time></trkpt><trkpt lat="35.981443" lon="53.288177"><ele>2672.292</ele><time>2020-06-17T11:08:17Z</time></trkpt><trkpt lat="35.981500" lon="53.288192"><ele>2671.665</ele><time>2020-06-17T11:08:18Z</time></trkpt><trkpt lat="35.981549" lon="53.288209"><ele>2671.191</ele><time>2020-06-17T11:08:19Z</time></trkpt><trkpt lat="35.981612" lon="53.288241"><ele>2670.381</ele><time>2020-06-17T11:08:21Z</time></trkpt><trkpt lat="35.981654" lon="53.288274"><ele>2670.019</ele><time>2020-06-17T11:08:22Z</time></trkpt><trkpt lat="35.981724" lon="53.288302"><ele>2669.508</ele><time>2020-06-17T11:08:24Z</time></trkpt><trkpt lat="35.981784" lon="53.288347"><ele>2669.214</ele><time>2020-06-17T11:08:26Z</time></trkpt><trkpt lat="35.981841" lon="53.288368"><ele>2668.861</ele><time>2020-06-17T11:08:28Z</time></trkpt><trkpt lat="35.981890" lon="53.288361"><ele>2668.227</ele><time>2020-06-17T11:08:30Z</time></trkpt><trkpt lat="35.981945" lon="53.288320"><ele>2667.231</ele><time>2020-06-17T11:08:32Z</time></trkpt><trkpt lat="35.981993" lon="53.288240"><ele>2666.198</ele><time>2020-06-17T11:08:34Z</time></trkpt><trkpt lat="35.982005" lon="53.288171"><ele>2666.199</ele><time>2020-06-17T11:08:35Z</time></trkpt><trkpt lat="35.982021" lon="53.288113"><ele>2665.512</ele><time>2020-06-17T11:08:36Z</time></trkpt><trkpt lat="35.982045" lon="53.288065"><ele>2665.055</ele><time>2020-06-17T11:08:37Z</time></trkpt><trkpt lat="35.982104" lon="53.288003"><ele>2664.069</ele><time>2020-06-17T11:08:39Z</time></trkpt><trkpt lat="35.982167" lon="53.287942"><ele>2663.104</ele><time>2020-06-17T11:08:41Z</time></trkpt><trkpt lat="35.982217" lon="53.287891"><ele>2662.224</ele><time>2020-06-17T11:08:43Z</time></trkpt><trkpt lat="35.982234" lon="53.287826"><ele>2661.408</ele><time>2020-06-17T11:08:45Z</time></trkpt><trkpt lat="35.982293" lon="53.287759"><ele>2660.731</ele><time>2020-06-17T11:08:47Z</time></trkpt><trkpt lat="35.982352" lon="53.287690"><ele>2660.268</ele><time>2020-06-17T11:08:49Z</time></trkpt><trkpt lat="35.982414" lon="53.287627"><ele>2659.674</ele><time>2020-06-17T11:08:51Z</time></trkpt><trkpt lat="35.982452" lon="53.287597"><ele>2659.298</ele><time>2020-06-17T11:08:52Z</time></trkpt><trkpt lat="35.982511" lon="53.287572"><ele>2658.835</ele><time>2020-06-17T11:08:53Z</time></trkpt><trkpt lat="35.982579" lon="53.287531"><ele>2658.236</ele><time>2020-06-17T11:08:55Z</time></trkpt><trkpt lat="35.982623" lon="53.287514"><ele>2658.159</ele><time>2020-06-17T11:08:56Z</time></trkpt><trkpt lat="35.982666" lon="53.287490"><ele>2658.092</ele><time>2020-06-17T11:08:57Z</time></trkpt><trkpt lat="35.982707" lon="53.287465"><ele>2658.022</ele><time>2020-06-17T11:08:58Z</time></trkpt><trkpt lat="35.982761" lon="53.287404"><ele>2657.762</ele><time>2020-06-17T11:09:00Z</time></trkpt><trkpt lat="35.982803" lon="53.287356"><ele>2656.908</ele><time>2020-06-17T11:09:02Z</time></trkpt><trkpt lat="35.982872" lon="53.287313"><ele>2655.808</ele><time>2020-06-17T11:09:04Z</time></trkpt><trkpt lat="35.982951" lon="53.287263"><ele>2655.067</ele><time>2020-06-17T11:09:06Z</time></trkpt><trkpt lat="35.983001" lon="53.287255"><ele>2654.744</ele><time>2020-06-17T11:09:07Z</time></trkpt><trkpt lat="35.983079" lon="53.287248"><ele>2654.420</ele><time>2020-06-17T11:09:09Z</time></trkpt><trkpt lat="35.983144" lon="53.287244"><ele>2653.854</ele><time>2020-06-17T11:09:11Z</time></trkpt><trkpt lat="35.983201" lon="53.287237"><ele>2652.871</ele><time>2020-06-17T11:09:13Z</time></trkpt><trkpt lat="35.983273" lon="53.287228"><ele>2652.262</ele><time>2020-06-17T11:09:15Z</time></trkpt><trkpt lat="35.983351" lon="53.287220"><ele>2651.985</ele><time>2020-06-17T11:09:17Z</time></trkpt><trkpt lat="35.983434" lon="53.287215"><ele>2651.818</ele><time>2020-06-17T11:09:19Z</time></trkpt><trkpt lat="35.983480" lon="53.287214"><ele>2651.789</ele><time>2020-06-17T11:09:20Z</time></trkpt><trkpt lat="35.983549" lon="53.287220"><ele>2651.206</ele><time>2020-06-17T11:09:22Z</time></trkpt><trkpt lat="35.983612" lon="53.287229"><ele>2649.826</ele><time>2020-06-17T11:09:25Z</time></trkpt><trkpt lat="35.983657" lon="53.287230"><ele>2649.208</ele><time>2020-06-17T11:09:27Z</time></trkpt><trkpt lat="35.983713" lon="53.287234"><ele>2649.073</ele><time>2020-06-17T11:09:29Z</time></trkpt><trkpt lat="35.983764" lon="53.287232"><ele>2649.070</ele><time>2020-06-17T11:09:31Z</time></trkpt><trkpt lat="35.983830" lon="53.287234"><ele>2648.556</ele><time>2020-06-17T11:09:34Z</time></trkpt><trkpt lat="35.983876" lon="53.287244"><ele>2648.310</ele><time>2020-06-17T11:09:36Z</time></trkpt><trkpt lat="35.983923" lon="53.287266"><ele>2647.637</ele><time>2020-06-17T11:09:38Z</time></trkpt><trkpt lat="35.983970" lon="53.287276"><ele>2647.218</ele><time>2020-06-17T11:09:40Z</time></trkpt><trkpt lat="35.984021" lon="53.287263"><ele>2646.711</ele><time>2020-06-17T11:09:43Z</time></trkpt><trkpt lat="35.984066" lon="53.287243"><ele>2646.364</ele><time>2020-06-17T11:09:45Z</time></trkpt><trkpt lat="35.984119" lon="53.287229"><ele>2645.729</ele><time>2020-06-17T11:09:47Z</time></trkpt><trkpt lat="35.984182" lon="53.287223"><ele>2645.300</ele><time>2020-06-17T11:09:49Z</time></trkpt><trkpt lat="35.984257" lon="53.287219"><ele>2645.420</ele><time>2020-06-17T11:09:51Z</time></trkpt><trkpt lat="35.984342" lon="53.287205"><ele>2645.708</ele><time>2020-06-17T11:09:53Z</time></trkpt><trkpt lat="35.984432" lon="53.287185"><ele>2645.827</ele><time>2020-06-17T11:09:55Z</time></trkpt><trkpt lat="35.984478" lon="53.287177"><ele>2645.754</ele><time>2020-06-17T11:09:56Z</time></trkpt><trkpt lat="35.984567" lon="53.287161"><ele>2645.650</ele><time>2020-06-17T11:09:58Z</time></trkpt><trkpt lat="35.984617" lon="53.287147"><ele>2645.414</ele><time>2020-06-17T11:09:59Z</time></trkpt><trkpt lat="35.984712" lon="53.287126"><ele>2645.071</ele><time>2020-06-17T11:10:01Z</time></trkpt><trkpt lat="35.984765" lon="53.287105"><ele>2644.862</ele><time>2020-06-17T11:10:02Z</time></trkpt><trkpt lat="35.984819" lon="53.287082"><ele>2644.735</ele><time>2020-06-17T11:10:03Z</time></trkpt><trkpt lat="35.984870" lon="53.287059"><ele>2644.628</ele><time>2020-06-17T11:10:04Z</time></trkpt><trkpt lat="35.984911" lon="53.287018"><ele>2644.486</ele><time>2020-06-17T11:10:05Z</time></trkpt><trkpt lat="35.984942" lon="53.286965"><ele>2644.260</ele><time>2020-06-17T11:10:06Z</time></trkpt><trkpt lat="35.984979" lon="53.286924"><ele>2643.926</ele><time>2020-06-17T11:10:07Z</time></trkpt><trkpt lat="35.985020" lon="53.286877"><ele>2643.908</ele><time>2020-06-17T11:10:08Z</time></trkpt><trkpt lat="35.985079" lon="53.286798"><ele>2643.173</ele><time>2020-06-17T11:10:10Z</time></trkpt><trkpt lat="35.985129" lon="53.286756"><ele>2642.720</ele><time>2020-06-17T11:10:11Z</time></trkpt><trkpt lat="35.985178" lon="53.286717"><ele>2642.346</ele><time>2020-06-17T11:10:12Z</time></trkpt><trkpt lat="35.985254" lon="53.286688"><ele>2641.740</ele><time>2020-06-17T11:10:14Z</time></trkpt><trkpt lat="35.985305" lon="53.286686"><ele>2641.477</ele><time>2020-06-17T11:10:15Z</time></trkpt><trkpt lat="35.985406" lon="53.286676"><ele>2641.118</ele><time>2020-06-17T11:10:17Z</time></trkpt><trkpt lat="35.985450" lon="53.286657"><ele>2641.041</ele><time>2020-06-17T11:10:18Z</time></trkpt><trkpt lat="35.985502" lon="53.286682"><ele>2640.844</ele><time>2020-06-17T11:10:19Z</time></trkpt><trkpt lat="35.985556" lon="53.286652"><ele>2640.548</ele><time>2020-06-17T11:10:20Z</time></trkpt><trkpt lat="35.985663" lon="53.286645"><ele>2640.261</ele><time>2020-06-17T11:10:21Z</time></trkpt><trkpt lat="35.985716" lon="53.286617"><ele>2639.817</ele><time>2020-06-17T11:10:22Z</time></trkpt><trkpt lat="35.985790" lon="53.286576"><ele>2639.408</ele><time>2020-06-17T11:10:23Z</time></trkpt><trkpt lat="35.985832" lon="53.286539"><ele>2639.199</ele><time>2020-06-17T11:10:24Z</time></trkpt><trkpt lat="35.985883" lon="53.286509"><ele>2638.876</ele><time>2020-06-17T11:10:25Z</time></trkpt><trkpt lat="35.985940" lon="53.286472"><ele>2638.592</ele><time>2020-06-17T11:10:26Z</time></trkpt><trkpt lat="35.985978" lon="53.286440"><ele>2638.256</ele><time>2020-06-17T11:10:27Z</time></trkpt><trkpt lat="35.986025" lon="53.286409"><ele>2637.933</ele><time>2020-06-17T11:10:28Z</time></trkpt><trkpt lat="35.986080" lon="53.286377"><ele>2637.654</ele><time>2020-06-17T11:10:29Z</time></trkpt><trkpt lat="35.986140" lon="53.286344"><ele>2637.347</ele><time>2020-06-17T11:10:30Z</time></trkpt><trkpt lat="35.986180" lon="53.286296"><ele>2636.740</ele><time>2020-06-17T11:10:32Z</time></trkpt><trkpt lat="35.986224" lon="53.286257"><ele>2636.495</ele><time>2020-06-17T11:10:33Z</time></trkpt><trkpt lat="35.986260" lon="53.286215"><ele>2636.449</ele><time>2020-06-17T11:10:34Z</time></trkpt><trkpt lat="35.986324" lon="53.286152"><ele>2636.123</ele><time>2020-06-17T11:10:36Z</time></trkpt><trkpt lat="35.986378" lon="53.286112"><ele>2635.808</ele><time>2020-06-17T11:10:38Z</time></trkpt><trkpt lat="35.986447" lon="53.286077"><ele>2635.744</ele><time>2020-06-17T11:10:40Z</time></trkpt><trkpt lat="35.986526" lon="53.286064"><ele>2635.531</ele><time>2020-06-17T11:10:42Z</time></trkpt><trkpt lat="35.986598" lon="53.286049"><ele>2635.477</ele><time>2020-06-17T11:10:44Z</time></trkpt><trkpt lat="35.986668" lon="53.286025"><ele>2634.941</ele><time>2020-06-17T11:10:46Z</time></trkpt><trkpt lat="35.986731" lon="53.285991"><ele>2634.358</ele><time>2020-06-17T11:10:48Z</time></trkpt><trkpt lat="35.986795" lon="53.285945"><ele>2633.879</ele><time>2020-06-17T11:10:50Z</time></trkpt><trkpt lat="35.986866" lon="53.285890"><ele>2633.432</ele><time>2020-06-17T11:10:52Z</time></trkpt><trkpt lat="35.986939" lon="53.285826"><ele>2633.275</ele><time>2020-06-17T11:10:54Z</time></trkpt><trkpt lat="35.986977" lon="53.285794"><ele>2632.914</ele><time>2020-06-17T11:10:55Z</time></trkpt><trkpt lat="35.987022" lon="53.285758"><ele>2632.754</ele><time>2020-06-17T11:10:56Z</time></trkpt><trkpt lat="35.987061" lon="53.285731"><ele>2632.409</ele><time>2020-06-17T11:10:57Z</time></trkpt><trkpt lat="35.987141" lon="53.285691"><ele>2631.808</ele><time>2020-06-17T11:10:59Z</time></trkpt><trkpt lat="35.987200" lon="53.285677"><ele>2631.486</ele><time>2020-06-17T11:11:01Z</time></trkpt><trkpt lat="35.987246" lon="53.285662"><ele>2630.463</ele><time>2020-06-17T11:11:07Z</time></trkpt><trkpt lat="35.987305" lon="53.285654"><ele>2630.679</ele><time>2020-06-17T11:11:11Z</time></trkpt><trkpt lat="35.987350" lon="53.285632"><ele>2630.813</ele><time>2020-06-17T11:11:13Z</time></trkpt><trkpt lat="35.987415" lon="53.285599"><ele>2630.770</ele><time>2020-06-17T11:11:15Z</time></trkpt><trkpt lat="35.987467" lon="53.285588"><ele>2630.551</ele><time>2020-06-17T11:11:16Z</time></trkpt><trkpt lat="35.987543" lon="53.285537"><ele>2630.194</ele><time>2020-06-17T11:11:18Z</time></trkpt><trkpt lat="35.987611" lon="53.285489"><ele>2629.887</ele><time>2020-06-17T11:11:20Z</time></trkpt><trkpt lat="35.987659" lon="53.285432"><ele>2629.318</ele><time>2020-06-17T11:11:22Z</time></trkpt><trkpt lat="35.987706" lon="53.285351"><ele>2628.898</ele><time>2020-06-17T11:11:24Z</time></trkpt><trkpt lat="35.987729" lon="53.285296"><ele>2628.417</ele><time>2020-06-17T11:11:26Z</time></trkpt><trkpt lat="35.987755" lon="53.285249"><ele>2628.108</ele><time>2020-06-17T11:11:28Z</time></trkpt><trkpt lat="35.987782" lon="53.285198"><ele>2628.046</ele><time>2020-06-17T11:11:30Z</time></trkpt><trkpt lat="35.987823" lon="53.285132"><ele>2628.083</ele><time>2020-06-17T11:11:32Z</time></trkpt><trkpt lat="35.987863" lon="53.285070"><ele>2627.989</ele><time>2020-06-17T11:11:34Z</time></trkpt><trkpt lat="35.987903" lon="53.285030"><ele>2627.543</ele><time>2020-06-17T11:11:37Z</time></trkpt><trkpt lat="35.987954" lon="53.285025"><ele>2627.180</ele><time>2020-06-17T11:11:40Z</time></trkpt><trkpt lat="35.988013" lon="53.285028"><ele>2626.561</ele><time>2020-06-17T11:11:43Z</time></trkpt><trkpt lat="35.988070" lon="53.285005"><ele>2626.264</ele><time>2020-06-17T11:11:46Z</time></trkpt><trkpt lat="35.988116" lon="53.284967"><ele>2626.217</ele><time>2020-06-17T11:11:48Z</time></trkpt><trkpt lat="35.988162" lon="53.284903"><ele>2626.293</ele><time>2020-06-17T11:11:50Z</time></trkpt><trkpt lat="35.988200" lon="53.284832"><ele>2625.865</ele><time>2020-06-17T11:11:52Z</time></trkpt><trkpt lat="35.988229" lon="53.284770"><ele>2625.221</ele><time>2020-06-17T11:11:54Z</time></trkpt><trkpt lat="35.988260" lon="53.284706"><ele>2624.608</ele><time>2020-06-17T11:11:56Z</time></trkpt><trkpt lat="35.988301" lon="53.284649"><ele>2624.214</ele><time>2020-06-17T11:11:58Z</time></trkpt><trkpt lat="35.988342" lon="53.284592"><ele>2623.971</ele><time>2020-06-17T11:12:00Z</time></trkpt><trkpt lat="35.988370" lon="53.284539"><ele>2623.577</ele><time>2020-06-17T11:12:02Z</time></trkpt><trkpt lat="35.988397" lon="53.284488"><ele>2623.171</ele><time>2020-06-17T11:12:04Z</time></trkpt><trkpt lat="35.988443" lon="53.284443"><ele>2622.818</ele><time>2020-06-17T11:12:06Z</time></trkpt><trkpt lat="35.988511" lon="53.284425"><ele>2622.679</ele><time>2020-06-17T11:12:08Z</time></trkpt><trkpt lat="35.988592" lon="53.284443"><ele>2622.672</ele><time>2020-06-17T11:12:10Z</time></trkpt><trkpt lat="35.988636" lon="53.284459"><ele>2622.675</ele><time>2020-06-17T11:12:11Z</time></trkpt><trkpt lat="35.988680" lon="53.284475"><ele>2622.628</ele><time>2020-06-17T11:12:12Z</time></trkpt><trkpt lat="35.988761" lon="53.284497"><ele>2622.789</ele><time>2020-06-17T11:12:14Z</time></trkpt><trkpt lat="35.988841" lon="53.284497"><ele>2622.517</ele><time>2020-06-17T11:12:16Z</time></trkpt><trkpt lat="35.988914" lon="53.284486"><ele>2622.108</ele><time>2020-06-17T11:12:18Z</time></trkpt><trkpt lat="35.988983" lon="53.284487"><ele>2621.397</ele><time>2020-06-17T11:12:20Z</time></trkpt><trkpt lat="35.989061" lon="53.284511"><ele>2620.754</ele><time>2020-06-17T11:12:22Z</time></trkpt><trkpt lat="35.989143" lon="53.284539"><ele>2620.390</ele><time>2020-06-17T11:12:24Z</time></trkpt><trkpt lat="35.989222" lon="53.284567"><ele>2620.144</ele><time>2020-06-17T11:12:26Z</time></trkpt><trkpt lat="35.989298" lon="53.284606"><ele>2620.171</ele><time>2020-06-17T11:12:28Z</time></trkpt><trkpt lat="35.989372" lon="53.284641"><ele>2620.472</ele><time>2020-06-17T11:12:30Z</time></trkpt><trkpt lat="35.989435" lon="53.284662"><ele>2620.825</ele><time>2020-06-17T11:12:32Z</time></trkpt><trkpt lat="35.989524" lon="53.284660"><ele>2620.958</ele><time>2020-06-17T11:12:34Z</time></trkpt><trkpt lat="35.989591" lon="53.284656"><ele>2620.783</ele><time>2020-06-17T11:12:35Z</time></trkpt><trkpt lat="35.989705" lon="53.284640"><ele>2619.725</ele><time>2020-06-17T11:12:37Z</time></trkpt><trkpt lat="35.989759" lon="53.284632"><ele>2619.217</ele><time>2020-06-17T11:12:38Z</time></trkpt><trkpt lat="35.989816" lon="53.284625"><ele>2618.908</ele><time>2020-06-17T11:12:39Z</time></trkpt><trkpt lat="35.989866" lon="53.284619"><ele>2618.783</ele><time>2020-06-17T11:12:40Z</time></trkpt><trkpt lat="35.989929" lon="53.284611"><ele>2618.750</ele><time>2020-06-17T11:12:41Z</time></trkpt><trkpt lat="35.989981" lon="53.284609"><ele>2618.876</ele><time>2020-06-17T11:12:42Z</time></trkpt><trkpt lat="35.990039" lon="53.284603"><ele>2618.880</ele><time>2020-06-17T11:12:43Z</time></trkpt><trkpt lat="35.990102" lon="53.284594"><ele>2619.097</ele><time>2020-06-17T11:12:44Z</time></trkpt><trkpt lat="35.990151" lon="53.284580"><ele>2619.188</ele><time>2020-06-17T11:12:45Z</time></trkpt><trkpt lat="35.990237" lon="53.284548"><ele>2619.111</ele><time>2020-06-17T11:12:47Z</time></trkpt><trkpt lat="35.990279" lon="53.284519"><ele>2619.094</ele><time>2020-06-17T11:12:48Z</time></trkpt><trkpt lat="35.990331" lon="53.284440"><ele>2618.651</ele><time>2020-06-17T11:12:50Z</time></trkpt><trkpt lat="35.990383" lon="53.284396"><ele>2618.401</ele><time>2020-06-17T11:12:51Z</time></trkpt><trkpt lat="35.990419" lon="53.284350"><ele>2618.111</ele><time>2020-06-17T11:12:52Z</time></trkpt><trkpt lat="35.990464" lon="53.284308"><ele>2618.008</ele><time>2020-06-17T11:12:53Z</time></trkpt><trkpt lat="35.990507" lon="53.284247"><ele>2618.050</ele><time>2020-06-17T11:12:55Z</time></trkpt><trkpt lat="35.990553" lon="53.284203"><ele>2617.927</ele><time>2020-06-17T11:12:56Z</time></trkpt><trkpt lat="35.990605" lon="53.284164"><ele>2617.813</ele><time>2020-06-17T11:12:57Z</time></trkpt><trkpt lat="35.990661" lon="53.284129"><ele>2617.527</ele><time>2020-06-17T11:12:58Z</time></trkpt><trkpt lat="35.990712" lon="53.284097"><ele>2617.014</ele><time>2020-06-17T11:12:59Z</time></trkpt><trkpt lat="35.990789" lon="53.284053"><ele>2616.665</ele><time>2020-06-17T11:13:00Z</time></trkpt><trkpt lat="35.990846" lon="53.284021"><ele>2616.458</ele><time>2020-06-17T11:13:01Z</time></trkpt><trkpt lat="35.990902" lon="53.283986"><ele>2616.031</ele><time>2020-06-17T11:13:03Z</time></trkpt><trkpt lat="35.990955" lon="53.283965"><ele>2615.829</ele><time>2020-06-17T11:13:04Z</time></trkpt><trkpt lat="35.991014" lon="53.283938"><ele>2615.600</ele><time>2020-06-17T11:13:05Z</time></trkpt><trkpt lat="35.991076" lon="53.283919"><ele>2615.320</ele><time>2020-06-17T11:13:06Z</time></trkpt><trkpt lat="35.991148" lon="53.283893"><ele>2615.008</ele><time>2020-06-17T11:13:07Z</time></trkpt><trkpt lat="35.991218" lon="53.283877"><ele>2614.977</ele><time>2020-06-17T11:13:08Z</time></trkpt><trkpt lat="35.991312" lon="53.283872"><ele>2614.864</ele><time>2020-06-17T11:13:09Z</time></trkpt><trkpt lat="35.991405" lon="53.283849"><ele>2614.810</ele><time>2020-06-17T11:13:10Z</time></trkpt><trkpt lat="35.991478" lon="53.283818"><ele>2614.834</ele><time>2020-06-17T11:13:11Z</time></trkpt><trkpt lat="35.991531" lon="53.283779"><ele>2614.871</ele><time>2020-06-17T11:13:12Z</time></trkpt><trkpt lat="35.991570" lon="53.283739"><ele>2614.812</ele><time>2020-06-17T11:13:13Z</time></trkpt><trkpt lat="35.991647" lon="53.283681"><ele>2614.735</ele><time>2020-06-17T11:13:14Z</time></trkpt><trkpt lat="35.991706" lon="53.283648"><ele>2614.568</ele><time>2020-06-17T11:13:15Z</time></trkpt><trkpt lat="35.991759" lon="53.283636"><ele>2614.176</ele><time>2020-06-17T11:13:16Z</time></trkpt><trkpt lat="35.991802" lon="53.283602"><ele>2613.790</ele><time>2020-06-17T11:13:17Z</time></trkpt><trkpt lat="35.991880" lon="53.283590"><ele>2613.419</ele><time>2020-06-17T11:13:18Z</time></trkpt><trkpt lat="35.991952" lon="53.283565"><ele>2613.108</ele><time>2020-06-17T11:13:19Z</time></trkpt><trkpt lat="35.992037" lon="53.283563"><ele>2612.752</ele><time>2020-06-17T11:13:20Z</time></trkpt><trkpt lat="35.992095" lon="53.283549"><ele>2612.569</ele><time>2020-06-17T11:13:21Z</time></trkpt><trkpt lat="35.992169" lon="53.283534"><ele>2612.385</ele><time>2020-06-17T11:13:22Z</time></trkpt><trkpt lat="35.992263" lon="53.283508"><ele>2612.199</ele><time>2020-06-17T11:13:23Z</time></trkpt><trkpt lat="35.992337" lon="53.283493"><ele>2612.056</ele><time>2020-06-17T11:13:24Z</time></trkpt><trkpt lat="35.992420" lon="53.283477"><ele>2611.817</ele><time>2020-06-17T11:13:25Z</time></trkpt><trkpt lat="35.992489" lon="53.283465"><ele>2611.670</ele><time>2020-06-17T11:13:26Z</time></trkpt><trkpt lat="35.992558" lon="53.283461"><ele>2611.393</ele><time>2020-06-17T11:13:27Z</time></trkpt><trkpt lat="35.992616" lon="53.283459"><ele>2610.993</ele><time>2020-06-17T11:13:28Z</time></trkpt><trkpt lat="35.992737" lon="53.283425"><ele>2610.565</ele><time>2020-06-17T11:13:29Z</time></trkpt><trkpt lat="35.992828" lon="53.283425"><ele>2610.021</ele><time>2020-06-17T11:13:30Z</time></trkpt><trkpt lat="35.992919" lon="53.283418"><ele>2609.508</ele><time>2020-06-17T11:13:31Z</time></trkpt><trkpt lat="35.992966" lon="53.283420"><ele>2609.134</ele><time>2020-06-17T11:13:32Z</time></trkpt><trkpt lat="35.993040" lon="53.283405"><ele>2608.811</ele><time>2020-06-17T11:13:33Z</time></trkpt><trkpt lat="35.993118" lon="53.283378"><ele>2608.497</ele><time>2020-06-17T11:13:34Z</time></trkpt><trkpt lat="35.993202" lon="53.283356"><ele>2608.411</ele><time>2020-06-17T11:13:35Z</time></trkpt><trkpt lat="35.993276" lon="53.283343"><ele>2608.098</ele><time>2020-06-17T11:13:36Z</time></trkpt><trkpt lat="35.993372" lon="53.283344"><ele>2607.529</ele><time>2020-06-17T11:13:37Z</time></trkpt><trkpt lat="35.993430" lon="53.283355"><ele>2607.112</ele><time>2020-06-17T11:13:38Z</time></trkpt><trkpt lat="35.993508" lon="53.283372"><ele>2606.765</ele><time>2020-06-17T11:13:39Z</time></trkpt><trkpt lat="35.993571" lon="53.283358"><ele>2606.116</ele><time>2020-06-17T11:13:40Z</time></trkpt><trkpt lat="35.993650" lon="53.283367"><ele>2605.776</ele><time>2020-06-17T11:13:41Z</time></trkpt><trkpt lat="35.993736" lon="53.283403"><ele>2605.513</ele><time>2020-06-17T11:13:42Z</time></trkpt><trkpt lat="35.993811" lon="53.283425"><ele>2605.208</ele><time>2020-06-17T11:13:43Z</time></trkpt><trkpt lat="35.993885" lon="53.283457"><ele>2605.076</ele><time>2020-06-17T11:13:44Z</time></trkpt><trkpt lat="35.993949" lon="53.283489"><ele>2605.043</ele><time>2020-06-17T11:13:45Z</time></trkpt><trkpt lat="35.994031" lon="53.283532"><ele>2605.329</ele><time>2020-06-17T11:13:46Z</time></trkpt><trkpt lat="35.994091" lon="53.283562"><ele>2605.593</ele><time>2020-06-17T11:13:47Z</time></trkpt><trkpt lat="35.994137" lon="53.283578"><ele>2605.620</ele><time>2020-06-17T11:13:48Z</time></trkpt><trkpt lat="35.994190" lon="53.283596"><ele>2605.611</ele><time>2020-06-17T11:13:49Z</time></trkpt><trkpt lat="35.994247" lon="53.283623"><ele>2605.544</ele><time>2020-06-17T11:13:50Z</time></trkpt><trkpt lat="35.994310" lon="53.283667"><ele>2605.367</ele><time>2020-06-17T11:13:51Z</time></trkpt><trkpt lat="35.994367" lon="53.283697"><ele>2605.129</ele><time>2020-06-17T11:13:52Z</time></trkpt><trkpt lat="35.994435" lon="53.283702"><ele>2605.000</ele><time>2020-06-17T11:13:53Z</time></trkpt><trkpt lat="35.994498" lon="53.283735"><ele>2605.020</ele><time>2020-06-17T11:13:54Z</time></trkpt><trkpt lat="35.994565" lon="53.283764"><ele>2605.008</ele><time>2020-06-17T11:13:55Z</time></trkpt><trkpt lat="35.994623" lon="53.283794"><ele>2605.057</ele><time>2020-06-17T11:13:56Z</time></trkpt><trkpt lat="35.994680" lon="53.283837"><ele>2604.944</ele><time>2020-06-17T11:13:57Z</time></trkpt><trkpt lat="35.994734" lon="53.283883"><ele>2604.850</ele><time>2020-06-17T11:13:58Z</time></trkpt><trkpt lat="35.994790" lon="53.283939"><ele>2604.824</ele><time>2020-06-17T11:13:59Z</time></trkpt><trkpt lat="35.994842" lon="53.284003"><ele>2604.721</ele><time>2020-06-17T11:14:00Z</time></trkpt><trkpt lat="35.994905" lon="53.284011"><ele>2604.462</ele><time>2020-06-17T11:14:01Z</time></trkpt><trkpt lat="35.994967" lon="53.284080"><ele>2604.295</ele><time>2020-06-17T11:14:02Z</time></trkpt><trkpt lat="35.995025" lon="53.284134"><ele>2603.998</ele><time>2020-06-17T11:14:03Z</time></trkpt><trkpt lat="35.995087" lon="53.284183"><ele>2603.574</ele><time>2020-06-17T11:14:04Z</time></trkpt><trkpt lat="35.995144" lon="53.284258"><ele>2603.156</ele><time>2020-06-17T11:14:05Z</time></trkpt><trkpt lat="35.995196" lon="53.284320"><ele>2603.121</ele><time>2020-06-17T11:14:06Z</time></trkpt><trkpt lat="35.995260" lon="53.284374"><ele>2602.708</ele><time>2020-06-17T11:14:07Z</time></trkpt><trkpt lat="35.995279" lon="53.284474"><ele>2602.262</ele><time>2020-06-17T11:14:08Z</time></trkpt><trkpt lat="35.995328" lon="53.284520"><ele>2601.969</ele><time>2020-06-17T11:14:09Z</time></trkpt><trkpt lat="35.995374" lon="53.284561"><ele>2601.945</ele><time>2020-06-17T11:14:10Z</time></trkpt><trkpt lat="35.995383" lon="53.284663"><ele>2601.929</ele><time>2020-06-17T11:14:11Z</time></trkpt><trkpt lat="35.995427" lon="53.284716"><ele>2602.226</ele><time>2020-06-17T11:14:12Z</time></trkpt><trkpt lat="35.995473" lon="53.284748"><ele>2602.757</ele><time>2020-06-17T11:14:13Z</time></trkpt><trkpt lat="35.995511" lon="53.284800"><ele>2603.220</ele><time>2020-06-17T11:14:14Z</time></trkpt><trkpt lat="35.995541" lon="53.284853"><ele>2603.633</ele><time>2020-06-17T11:14:15Z</time></trkpt><trkpt lat="35.995586" lon="53.284872"><ele>2603.993</ele><time>2020-06-17T11:14:16Z</time></trkpt><trkpt lat="35.995624" lon="53.284929"><ele>2603.965</ele><time>2020-06-17T11:14:17Z</time></trkpt><trkpt lat="35.995663" lon="53.284984"><ele>2603.921</ele><time>2020-06-17T11:14:18Z</time></trkpt><trkpt lat="35.995681" lon="53.285047"><ele>2603.808</ele><time>2020-06-17T11:14:19Z</time></trkpt><trkpt lat="35.995700" lon="53.285113"><ele>2603.654</ele><time>2020-06-17T11:14:20Z</time></trkpt><trkpt lat="35.995715" lon="53.285172"><ele>2603.251</ele><time>2020-06-17T11:14:21Z</time></trkpt><trkpt lat="35.995752" lon="53.285273"><ele>2602.157</ele><time>2020-06-17T11:14:23Z</time></trkpt><trkpt lat="35.995764" lon="53.285332"><ele>2601.581</ele><time>2020-06-17T11:14:24Z</time></trkpt><trkpt lat="35.995782" lon="53.285383"><ele>2600.828</ele><time>2020-06-17T11:14:25Z</time></trkpt><trkpt lat="35.995801" lon="53.285435"><ele>2600.199</ele><time>2020-06-17T11:14:26Z</time></trkpt><trkpt lat="35.995838" lon="53.285541"><ele>2598.582</ele><time>2020-06-17T11:14:28Z</time></trkpt><trkpt lat="35.995911" lon="53.285580"><ele>2596.835</ele><time>2020-06-17T11:14:31Z</time></trkpt><trkpt lat="35.995967" lon="53.285631"><ele>2595.433</ele><time>2020-06-17T11:14:33Z</time></trkpt><trkpt lat="35.996021" lon="53.285684"><ele>2594.123</ele><time>2020-06-17T11:14:35Z</time></trkpt><trkpt lat="35.996092" lon="53.285713"><ele>2592.115</ele><time>2020-06-17T11:14:38Z</time></trkpt><trkpt lat="35.996129" lon="53.285765"><ele>2590.808</ele><time>2020-06-17T11:14:40Z</time></trkpt><trkpt lat="35.996158" lon="53.285887"><ele>2589.888</ele><time>2020-06-17T11:14:42Z</time></trkpt><trkpt lat="35.996186" lon="53.285980"><ele>2589.555</ele><time>2020-06-17T11:14:44Z</time></trkpt><trkpt lat="35.996207" lon="53.286042"><ele>2589.221</ele><time>2020-06-17T11:14:46Z</time></trkpt><trkpt lat="35.996216" lon="53.286132"><ele>2588.855</ele><time>2020-06-17T11:14:48Z</time></trkpt><trkpt lat="35.996237" lon="53.286226"><ele>2588.552</ele><time>2020-06-17T11:14:50Z</time></trkpt><trkpt lat="35.996254" lon="53.286310"><ele>2588.423</ele><time>2020-06-17T11:14:52Z</time></trkpt><trkpt lat="35.996289" lon="53.286411"><ele>2588.356</ele><time>2020-06-17T11:14:54Z</time></trkpt><trkpt lat="35.996326" lon="53.286497"><ele>2588.229</ele><time>2020-06-17T11:14:56Z</time></trkpt><trkpt lat="35.996351" lon="53.286558"><ele>2588.159</ele><time>2020-06-17T11:14:57Z</time></trkpt><trkpt lat="35.996373" lon="53.286618"><ele>2588.003</ele><time>2020-06-17T11:14:58Z</time></trkpt><trkpt lat="35.996410" lon="53.286713"><ele>2587.823</ele><time>2020-06-17T11:15:00Z</time></trkpt><trkpt lat="35.996434" lon="53.286769"><ele>2587.708</ele><time>2020-06-17T11:15:01Z</time></trkpt><trkpt lat="35.996465" lon="53.286868"><ele>2587.760</ele><time>2020-06-17T11:15:03Z</time></trkpt><trkpt lat="35.996482" lon="53.286928"><ele>2587.697</ele><time>2020-06-17T11:15:04Z</time></trkpt><trkpt lat="35.996497" lon="53.286992"><ele>2587.543</ele><time>2020-06-17T11:15:05Z</time></trkpt><trkpt lat="35.996537" lon="53.287098"><ele>2587.137</ele><time>2020-06-17T11:15:07Z</time></trkpt><trkpt lat="35.996561" lon="53.287152"><ele>2586.854</ele><time>2020-06-17T11:15:08Z</time></trkpt><trkpt lat="35.996579" lon="53.287208"><ele>2586.175</ele><time>2020-06-17T11:15:09Z</time></trkpt><trkpt lat="35.996604" lon="53.287268"><ele>2586.158</ele><time>2020-06-17T11:15:10Z</time></trkpt><trkpt lat="35.996622" lon="53.287335"><ele>2586.151</ele><time>2020-06-17T11:15:11Z</time></trkpt><trkpt lat="35.996668" lon="53.287410"><ele>2586.161</ele><time>2020-06-17T11:15:13Z</time></trkpt><trkpt lat="35.996698" lon="53.287505"><ele>2586.021</ele><time>2020-06-17T11:15:15Z</time></trkpt><trkpt lat="35.996733" lon="53.287593"><ele>2585.913</ele><time>2020-06-17T11:15:17Z</time></trkpt><trkpt lat="35.996768" lon="53.287677"><ele>2585.708</ele><time>2020-06-17T11:15:19Z</time></trkpt><trkpt lat="35.996814" lon="53.287740"><ele>2585.571</ele><time>2020-06-17T11:15:21Z</time></trkpt><trkpt lat="35.996846" lon="53.287786"><ele>2585.378</ele><time>2020-06-17T11:15:22Z</time></trkpt><trkpt lat="35.996917" lon="53.287821"><ele>2585.194</ele><time>2020-06-17T11:15:24Z</time></trkpt><trkpt lat="35.996974" lon="53.287792"><ele>2584.778</ele><time>2020-06-17T11:15:25Z</time></trkpt><trkpt lat="35.997022" lon="53.287788"><ele>2584.245</ele><time>2020-06-17T11:15:26Z</time></trkpt><trkpt lat="35.997098" lon="53.287782"><ele>2582.936</ele><time>2020-06-17T11:15:28Z</time></trkpt><trkpt lat="35.997185" lon="53.287809"><ele>2581.669</ele><time>2020-06-17T11:15:30Z</time></trkpt><trkpt lat="35.997198" lon="53.287893"><ele>2581.232</ele><time>2020-06-17T11:15:31Z</time></trkpt><trkpt lat="35.997219" lon="53.287949"><ele>2580.989</ele><time>2020-06-17T11:15:32Z</time></trkpt><trkpt lat="35.997249" lon="53.288002"><ele>2580.906</ele><time>2020-06-17T11:15:33Z</time></trkpt><trkpt lat="35.997277" lon="53.288064"><ele>2581.026</ele><time>2020-06-17T11:15:34Z</time></trkpt><trkpt lat="35.997325" lon="53.288115"><ele>2581.208</ele><time>2020-06-17T11:15:36Z</time></trkpt><trkpt lat="35.997353" lon="53.288164"><ele>2581.223</ele><time>2020-06-17T11:15:37Z</time></trkpt><trkpt lat="35.997381" lon="53.288209"><ele>2581.130</ele><time>2020-06-17T11:15:38Z</time></trkpt><trkpt lat="35.997428" lon="53.288294"><ele>2580.646</ele><time>2020-06-17T11:15:40Z</time></trkpt><trkpt lat="35.997465" lon="53.288341"><ele>2580.410</ele><time>2020-06-17T11:15:41Z</time></trkpt><trkpt lat="35.997498" lon="53.288381"><ele>2580.217</ele><time>2020-06-17T11:15:42Z</time></trkpt><trkpt lat="35.997541" lon="53.288436"><ele>2580.048</ele><time>2020-06-17T11:15:43Z</time></trkpt><trkpt lat="35.997578" lon="53.288475"><ele>2579.931</ele><time>2020-06-17T11:15:44Z</time></trkpt><trkpt lat="35.997650" lon="53.288545"><ele>2579.744</ele><time>2020-06-17T11:15:46Z</time></trkpt><trkpt lat="35.997684" lon="53.288597"><ele>2579.718</ele><time>2020-06-17T11:15:47Z</time></trkpt><trkpt lat="35.997714" lon="53.288652"><ele>2579.798</ele><time>2020-06-17T11:15:48Z</time></trkpt><trkpt lat="35.997744" lon="53.288707"><ele>2579.717</ele><time>2020-06-17T11:15:49Z</time></trkpt><trkpt lat="35.997796" lon="53.288771"><ele>2579.608</ele><time>2020-06-17T11:15:51Z</time></trkpt><trkpt lat="35.997829" lon="53.288844"><ele>2579.566</ele><time>2020-06-17T11:15:52Z</time></trkpt><trkpt lat="35.997856" lon="53.288902"><ele>2579.253</ele><time>2020-06-17T11:15:53Z</time></trkpt><trkpt lat="35.997876" lon="53.289029"><ele>2578.579</ele><time>2020-06-17T11:15:55Z</time></trkpt><trkpt lat="35.997899" lon="53.289112"><ele>2578.113</ele><time>2020-06-17T11:15:56Z</time></trkpt><trkpt lat="35.997917" lon="53.289174"><ele>2577.890</ele><time>2020-06-17T11:15:57Z</time></trkpt><trkpt lat="35.997937" lon="53.289245"><ele>2577.511</ele><time>2020-06-17T11:15:58Z</time></trkpt><trkpt lat="35.997947" lon="53.289300"><ele>2577.364</ele><time>2020-06-17T11:15:59Z</time></trkpt><trkpt lat="35.997978" lon="53.289363"><ele>2577.047</ele><time>2020-06-17T11:16:00Z</time></trkpt><trkpt lat="35.998000" lon="53.289418"><ele>2576.823</ele><time>2020-06-17T11:16:01Z</time></trkpt><trkpt lat="35.998024" lon="53.289470"><ele>2576.583</ele><time>2020-06-17T11:16:02Z</time></trkpt><trkpt lat="35.998053" lon="53.289513"><ele>2576.311</ele><time>2020-06-17T11:16:03Z</time></trkpt><trkpt lat="35.998073" lon="53.289567"><ele>2576.208</ele><time>2020-06-17T11:16:04Z</time></trkpt><trkpt lat="35.998111" lon="53.289638"><ele>2575.947</ele><time>2020-06-17T11:16:06Z</time></trkpt><trkpt lat="35.998170" lon="53.289688"><ele>2575.454</ele><time>2020-06-17T11:16:08Z</time></trkpt><trkpt lat="35.998234" lon="53.289709"><ele>2575.140</ele><time>2020-06-17T11:16:10Z</time></trkpt><trkpt lat="35.998278" lon="53.289747"><ele>2574.734</ele><time>2020-06-17T11:16:11Z</time></trkpt><trkpt lat="35.998356" lon="53.289766"><ele>2574.121</ele><time>2020-06-17T11:16:13Z</time></trkpt><trkpt lat="35.998427" lon="53.289808"><ele>2573.582</ele><time>2020-06-17T11:16:15Z</time></trkpt><trkpt lat="35.998493" lon="53.289842"><ele>2572.945</ele><time>2020-06-17T11:16:17Z</time></trkpt><trkpt lat="35.998551" lon="53.289883"><ele>2572.318</ele><time>2020-06-17T11:16:19Z</time></trkpt><trkpt lat="35.998580" lon="53.289928"><ele>2571.869</ele><time>2020-06-17T11:16:21Z</time></trkpt><trkpt lat="35.998586" lon="53.289998"><ele>2571.604</ele><time>2020-06-17T11:16:23Z</time></trkpt><trkpt lat="35.998567" lon="53.290089"><ele>2571.824</ele><time>2020-06-17T11:16:25Z</time></trkpt><trkpt lat="35.998546" lon="53.290164"><ele>2572.008</ele><time>2020-06-17T11:16:27Z</time></trkpt><trkpt lat="35.998529" lon="53.290224"><ele>2572.191</ele><time>2020-06-17T11:16:29Z</time></trkpt><trkpt lat="35.998515" lon="53.290286"><ele>2572.038</ele><time>2020-06-17T11:16:31Z</time></trkpt><trkpt lat="35.998503" lon="53.290366"><ele>2571.664</ele><time>2020-06-17T11:16:33Z</time></trkpt><trkpt lat="35.998511" lon="53.290453"><ele>2571.338</ele><time>2020-06-17T11:16:35Z</time></trkpt><trkpt lat="35.998516" lon="53.290537"><ele>2571.185</ele><time>2020-06-17T11:16:37Z</time></trkpt><trkpt lat="35.998509" lon="53.290600"><ele>2570.466</ele><time>2020-06-17T11:16:39Z</time></trkpt><trkpt lat="35.998488" lon="53.290655"><ele>2569.579</ele><time>2020-06-17T11:16:41Z</time></trkpt><trkpt lat="35.998458" lon="53.290709"><ele>2568.752</ele><time>2020-06-17T11:16:44Z</time></trkpt><trkpt lat="35.998428" lon="53.290752"><ele>2568.796</ele><time>2020-06-17T11:16:46Z</time></trkpt><trkpt lat="35.998410" lon="53.290804"><ele>2568.931</ele><time>2020-06-17T11:16:48Z</time></trkpt><trkpt lat="35.998409" lon="53.290870"><ele>2569.424</ele><time>2020-06-17T11:16:50Z</time></trkpt><trkpt lat="35.998411" lon="53.290948"><ele>2569.708</ele><time>2020-06-17T11:16:52Z</time></trkpt><trkpt lat="35.998408" lon="53.291048"><ele>2569.654</ele><time>2020-06-17T11:16:54Z</time></trkpt><trkpt lat="35.998420" lon="53.291153"><ele>2569.211</ele><time>2020-06-17T11:16:56Z</time></trkpt><trkpt lat="35.998443" lon="53.291257"><ele>2569.067</ele><time>2020-06-17T11:16:58Z</time></trkpt><trkpt lat="35.998469" lon="53.291359"><ele>2569.041</ele><time>2020-06-17T11:17:00Z</time></trkpt><trkpt lat="35.998480" lon="53.291415"><ele>2569.058</ele><time>2020-06-17T11:17:01Z</time></trkpt><trkpt lat="35.998500" lon="53.291483"><ele>2568.949</ele><time>2020-06-17T11:17:02Z</time></trkpt><trkpt lat="35.998527" lon="53.291566"><ele>2568.852</ele><time>2020-06-17T11:17:04Z</time></trkpt><trkpt lat="35.998584" lon="53.291629"><ele>2568.545</ele><time>2020-06-17T11:17:06Z</time></trkpt><trkpt lat="35.998619" lon="53.291689"><ele>2568.389</ele><time>2020-06-17T11:17:08Z</time></trkpt><trkpt lat="35.998655" lon="53.291766"><ele>2568.006</ele><time>2020-06-17T11:17:10Z</time></trkpt><trkpt lat="35.998713" lon="53.291796"><ele>2567.626</ele><time>2020-06-17T11:17:12Z</time></trkpt><trkpt lat="35.998769" lon="53.291838"><ele>2567.308</ele><time>2020-06-17T11:17:14Z</time></trkpt><trkpt lat="35.998824" lon="53.291879"><ele>2567.193</ele><time>2020-06-17T11:17:16Z</time></trkpt><trkpt lat="35.998871" lon="53.291921"><ele>2566.960</ele><time>2020-06-17T11:17:18Z</time></trkpt><trkpt lat="35.998903" lon="53.291972"><ele>2566.766</ele><time>2020-06-17T11:17:20Z</time></trkpt><trkpt lat="35.998921" lon="53.292051"><ele>2566.720</ele><time>2020-06-17T11:17:22Z</time></trkpt><trkpt lat="35.998934" lon="53.292147"><ele>2566.797</ele><time>2020-06-17T11:17:24Z</time></trkpt><trkpt lat="35.998955" lon="53.292237"><ele>2566.678</ele><time>2020-06-17T11:17:26Z</time></trkpt><trkpt lat="35.998979" lon="53.292293"><ele>2566.431</ele><time>2020-06-17T11:17:28Z</time></trkpt><trkpt lat="35.999006" lon="53.292339"><ele>2565.694</ele><time>2020-06-17T11:17:31Z</time></trkpt><trkpt lat="35.999041" lon="53.292395"><ele>2564.525</ele><time>2020-06-17T11:17:35Z</time></trkpt><trkpt lat="35.999077" lon="53.292442"><ele>2563.926</ele><time>2020-06-17T11:17:39Z</time></trkpt><trkpt lat="35.999122" lon="53.292484"><ele>2563.808</ele><time>2020-06-17T11:17:43Z</time></trkpt><trkpt lat="35.999168" lon="53.292511"><ele>2563.908</ele><time>2020-06-17T11:17:46Z</time></trkpt><trkpt lat="35.999210" lon="53.292546"><ele>2564.057</ele><time>2020-06-17T11:17:48Z</time></trkpt><trkpt lat="35.999252" lon="53.292602"><ele>2564.444</ele><time>2020-06-17T11:17:50Z</time></trkpt><trkpt lat="35.999291" lon="53.292676"><ele>2565.110</ele><time>2020-06-17T11:17:52Z</time></trkpt><trkpt lat="35.999325" lon="53.292748"><ele>2566.124</ele><time>2020-06-17T11:17:54Z</time></trkpt><trkpt lat="35.999357" lon="53.292832"><ele>2567.111</ele><time>2020-06-17T11:17:56Z</time></trkpt><trkpt lat="35.999388" lon="53.292915"><ele>2568.172</ele><time>2020-06-17T11:17:58Z</time></trkpt><trkpt lat="35.999429" lon="53.293001"><ele>2569.035</ele><time>2020-06-17T11:18:00Z</time></trkpt><trkpt lat="35.999505" lon="53.293119"><ele>2569.838</ele><time>2020-06-17T11:18:02Z</time></trkpt><trkpt lat="35.999529" lon="53.293167"><ele>2570.261</ele><time>2020-06-17T11:18:03Z</time></trkpt><trkpt lat="35.999567" lon="53.293211"><ele>2570.521</ele><time>2020-06-17T11:18:04Z</time></trkpt><trkpt lat="35.999592" lon="53.293272"><ele>2570.813</ele><time>2020-06-17T11:18:05Z</time></trkpt><trkpt lat="35.999637" lon="53.293307"><ele>2571.108</ele><time>2020-06-17T11:18:06Z</time></trkpt><trkpt lat="35.999666" lon="53.293384"><ele>2571.371</ele><time>2020-06-17T11:18:07Z</time></trkpt><trkpt lat="35.999684" lon="53.293457"><ele>2571.398</ele><time>2020-06-17T11:18:08Z</time></trkpt><trkpt lat="35.999722" lon="53.293488"><ele>2571.324</ele><time>2020-06-17T11:18:09Z</time></trkpt><trkpt lat="35.999755" lon="53.293580"><ele>2571.228</ele><time>2020-06-17T11:18:11Z</time></trkpt><trkpt lat="35.999796" lon="53.293611"><ele>2571.145</ele><time>2020-06-17T11:18:12Z</time></trkpt><trkpt lat="35.999838" lon="53.293657"><ele>2571.076</ele><time>2020-06-17T11:18:13Z</time></trkpt><trkpt lat="35.999877" lon="53.293708"><ele>2571.099</ele><time>2020-06-17T11:18:14Z</time></trkpt><trkpt lat="35.999917" lon="53.293760"><ele>2571.022</ele><time>2020-06-17T11:18:15Z</time></trkpt><trkpt lat="35.999939" lon="53.293814"><ele>2571.168</ele><time>2020-06-17T11:18:16Z</time></trkpt><trkpt lat="36.000025" lon="53.293885"><ele>2571.242</ele><time>2020-06-17T11:18:18Z</time></trkpt><trkpt lat="36.000068" lon="53.293912"><ele>2571.226</ele><time>2020-06-17T11:18:19Z</time></trkpt><trkpt lat="36.000166" lon="53.293974"><ele>2571.108</ele><time>2020-06-17T11:18:21Z</time></trkpt><trkpt lat="36.000224" lon="53.294023"><ele>2571.011</ele><time>2020-06-17T11:18:22Z</time></trkpt><trkpt lat="36.000269" lon="53.294032"><ele>2570.988</ele><time>2020-06-17T11:18:23Z</time></trkpt><trkpt lat="36.000320" lon="53.294057"><ele>2570.834</ele><time>2020-06-17T11:18:24Z</time></trkpt><trkpt lat="36.000377" lon="53.294069"><ele>2570.868</ele><time>2020-06-17T11:18:25Z</time></trkpt><trkpt lat="36.000437" lon="53.294082"><ele>2570.785</ele><time>2020-06-17T11:18:26Z</time></trkpt><trkpt lat="36.000493" lon="53.294084"><ele>2570.526</ele><time>2020-06-17T11:18:27Z</time></trkpt><trkpt lat="36.000562" lon="53.294089"><ele>2569.969</ele><time>2020-06-17T11:18:29Z</time></trkpt><trkpt lat="36.000632" lon="53.294054"><ele>2568.952</ele><time>2020-06-17T11:18:31Z</time></trkpt><trkpt lat="36.000677" lon="53.294037"><ele>2568.496</ele><time>2020-06-17T11:18:32Z</time></trkpt><trkpt lat="36.000742" lon="53.294036"><ele>2567.931</ele><time>2020-06-17T11:18:34Z</time></trkpt><trkpt lat="36.000779" lon="53.294084"><ele>2566.624</ele><time>2020-06-17T11:18:37Z</time></trkpt><trkpt lat="36.000796" lon="53.294137"><ele>2565.508</ele><time>2020-06-17T11:18:41Z</time></trkpt><trkpt lat="36.000776" lon="53.294210"><ele>2565.444</ele><time>2020-06-17T11:18:44Z</time></trkpt><trkpt lat="36.000731" lon="53.294280"><ele>2565.771</ele><time>2020-06-17T11:18:46Z</time></trkpt><trkpt lat="36.000690" lon="53.294367"><ele>2566.377</ele><time>2020-06-17T11:18:48Z</time></trkpt><trkpt lat="36.000673" lon="53.294478"><ele>2566.671</ele><time>2020-06-17T11:18:50Z</time></trkpt><trkpt lat="36.000673" lon="53.294537"><ele>2566.878</ele><time>2020-06-17T11:18:51Z</time></trkpt><trkpt lat="36.000680" lon="53.294599"><ele>2567.049</ele><time>2020-06-17T11:18:52Z</time></trkpt><trkpt lat="36.000692" lon="53.294663"><ele>2567.142</ele><time>2020-06-17T11:18:53Z</time></trkpt><trkpt lat="36.000709" lon="53.294724"><ele>2567.225</ele><time>2020-06-17T11:18:54Z</time></trkpt><trkpt lat="36.000731" lon="53.294785"><ele>2567.468</ele><time>2020-06-17T11:18:55Z</time></trkpt><trkpt lat="36.000773" lon="53.294850"><ele>2567.642</ele><time>2020-06-17T11:18:56Z</time></trkpt><trkpt lat="36.000834" lon="53.294917"><ele>2567.826</ele><time>2020-06-17T11:18:58Z</time></trkpt><trkpt lat="36.000855" lon="53.295020"><ele>2567.808</ele><time>2020-06-17T11:18:59Z</time></trkpt><trkpt lat="36.000865" lon="53.295088"><ele>2567.621</ele><time>2020-06-17T11:19:00Z</time></trkpt><trkpt lat="36.000893" lon="53.295157"><ele>2567.448</ele><time>2020-06-17T11:19:01Z</time></trkpt><trkpt lat="36.000950" lon="53.295242"><ele>2567.014</ele><time>2020-06-17T11:19:03Z</time></trkpt><trkpt lat="36.000988" lon="53.295313"><ele>2566.938</ele><time>2020-06-17T11:19:04Z</time></trkpt><trkpt lat="36.001025" lon="53.295353"><ele>2566.935</ele><time>2020-06-17T11:19:05Z</time></trkpt><trkpt lat="36.001064" lon="53.295417"><ele>2566.966</ele><time>2020-06-17T11:19:06Z</time></trkpt><trkpt lat="36.001095" lon="53.295492"><ele>2566.679</ele><time>2020-06-17T11:19:08Z</time></trkpt><trkpt lat="36.001116" lon="53.295560"><ele>2566.462</ele><time>2020-06-17T11:19:09Z</time></trkpt><trkpt lat="36.001132" lon="53.295622"><ele>2566.171</ele><time>2020-06-17T11:19:10Z</time></trkpt><trkpt lat="36.001165" lon="53.295710"><ele>2565.941</ele><time>2020-06-17T11:19:11Z</time></trkpt><trkpt lat="36.001186" lon="53.295763"><ele>2565.715</ele><time>2020-06-17T11:19:12Z</time></trkpt><trkpt lat="36.001227" lon="53.295872"><ele>2565.508</ele><time>2020-06-17T11:19:14Z</time></trkpt><trkpt lat="36.001271" lon="53.295892"><ele>2565.432</ele><time>2020-06-17T11:19:15Z</time></trkpt><trkpt lat="36.001298" lon="53.295938"><ele>2565.469</ele><time>2020-06-17T11:19:16Z</time></trkpt><trkpt lat="36.001308" lon="53.295994"><ele>2565.375</ele><time>2020-06-17T11:19:17Z</time></trkpt><trkpt lat="36.001336" lon="53.296112"><ele>2565.329</ele><time>2020-06-17T11:19:19Z</time></trkpt><trkpt lat="36.001374" lon="53.296188"><ele>2565.476</ele><time>2020-06-17T11:19:20Z</time></trkpt><trkpt lat="36.001408" lon="53.296240"><ele>2565.517</ele><time>2020-06-17T11:19:21Z</time></trkpt><trkpt lat="36.001446" lon="53.296347"><ele>2565.580</ele><time>2020-06-17T11:19:22Z</time></trkpt><trkpt lat="36.001495" lon="53.296444"><ele>2565.433</ele><time>2020-06-17T11:19:24Z</time></trkpt><trkpt lat="36.001529" lon="53.296533"><ele>2564.945</ele><time>2020-06-17T11:19:26Z</time></trkpt><trkpt lat="36.001541" lon="53.296588"><ele>2564.747</ele><time>2020-06-17T11:19:27Z</time></trkpt><trkpt lat="36.001551" lon="53.296534"><ele>2564.511</ele><time>2020-06-17T11:19:28Z</time></trkpt><trkpt lat="36.001586" lon="53.296650"><ele>2564.208</ele><time>2020-06-17T11:19:30Z</time></trkpt><trkpt lat="36.001636" lon="53.296738"><ele>2563.959</ele><time>2020-06-17T11:19:32Z</time></trkpt><trkpt lat="36.001676" lon="53.296795"><ele>2563.536</ele><time>2020-06-17T11:19:34Z</time></trkpt><trkpt lat="36.001693" lon="53.296849"><ele>2563.342</ele><time>2020-06-17T11:19:35Z</time></trkpt><trkpt lat="36.001729" lon="53.296907"><ele>2563.166</ele><time>2020-06-17T11:19:37Z</time></trkpt><trkpt lat="36.001767" lon="53.296968"><ele>2562.993</ele><time>2020-06-17T11:19:39Z</time></trkpt><trkpt lat="36.001808" lon="53.297049"><ele>2562.884</ele><time>2020-06-17T11:19:41Z</time></trkpt><trkpt lat="36.001832" lon="53.297097"><ele>2562.787</ele><time>2020-06-17T11:19:42Z</time></trkpt><trkpt lat="36.001878" lon="53.297178"><ele>2562.690</ele><time>2020-06-17T11:19:44Z</time></trkpt><trkpt lat="36.001925" lon="53.297242"><ele>2562.366</ele><time>2020-06-17T11:19:46Z</time></trkpt><trkpt lat="36.001979" lon="53.297322"><ele>2562.029</ele><time>2020-06-17T11:19:48Z</time></trkpt><trkpt lat="36.002006" lon="53.297371"><ele>2561.921</ele><time>2020-06-17T11:19:49Z</time></trkpt><trkpt lat="36.002029" lon="53.297421"><ele>2561.808</ele><time>2020-06-17T11:19:50Z</time></trkpt><trkpt lat="36.002042" lon="53.297500"><ele>2561.781</ele><time>2020-06-17T11:19:51Z</time></trkpt><trkpt lat="36.002072" lon="53.297572"><ele>2561.698</ele><time>2020-06-17T11:19:53Z</time></trkpt><trkpt lat="36.002115" lon="53.297672"><ele>2561.674</ele><time>2020-06-17T11:19:55Z</time></trkpt><trkpt lat="36.002135" lon="53.297784"><ele>2561.558</ele><time>2020-06-17T11:19:56Z</time></trkpt><trkpt lat="36.002153" lon="53.297839"><ele>2561.455</ele><time>2020-06-17T11:19:57Z</time></trkpt><trkpt lat="36.002184" lon="53.297890"><ele>2561.366</ele><time>2020-06-17T11:19:58Z</time></trkpt><trkpt lat="36.002233" lon="53.297931"><ele>2561.229</ele><time>2020-06-17T11:20:00Z</time></trkpt><trkpt lat="36.002276" lon="53.298010"><ele>2561.142</ele><time>2020-06-17T11:20:02Z</time></trkpt><trkpt lat="36.002320" lon="53.298068"><ele>2561.176</ele><time>2020-06-17T11:20:04Z</time></trkpt><trkpt lat="36.002386" lon="53.298068"><ele>2561.190</ele><time>2020-06-17T11:20:07Z</time></trkpt><trkpt lat="36.002396" lon="53.298002"><ele>2560.819</ele><time>2020-06-17T11:20:15Z</time></trkpt><trkpt lat="36.002428" lon="53.298050"><ele>2561.008</ele><time>2020-06-17T11:20:20Z</time></trkpt><trkpt lat="36.002461" lon="53.298104"><ele>2561.132</ele><time>2020-06-17T11:20:23Z</time></trkpt><trkpt lat="36.002475" lon="53.298163"><ele>2560.839</ele><time>2020-06-17T11:20:28Z</time></trkpt><trkpt lat="36.002472" lon="53.298218"><ele>2560.745</ele><time>2020-06-17T11:20:31Z</time></trkpt><trkpt lat="36.002496" lon="53.298286"><ele>2560.759</ele><time>2020-06-17T11:20:34Z</time></trkpt><trkpt lat="36.002530" lon="53.298343"><ele>2560.836</ele><time>2020-06-17T11:20:36Z</time></trkpt><trkpt lat="36.002567" lon="53.298400"><ele>2561.027</ele><time>2020-06-17T11:20:38Z</time></trkpt><trkpt lat="36.002601" lon="53.298466"><ele>2561.060</ele><time>2020-06-17T11:20:40Z</time></trkpt><trkpt lat="36.002630" lon="53.298521"><ele>2560.753</ele><time>2020-06-17T11:20:42Z</time></trkpt><trkpt lat="36.002656" lon="53.298579"><ele>2560.312</ele><time>2020-06-17T11:20:44Z</time></trkpt><trkpt lat="36.002680" lon="53.298659"><ele>2559.932</ele><time>2020-06-17T11:20:46Z</time></trkpt><trkpt lat="36.002696" lon="53.298762"><ele>2559.505</ele><time>2020-06-17T11:20:48Z</time></trkpt><trkpt lat="36.002698" lon="53.298862"><ele>2559.108</ele><time>2020-06-17T11:20:50Z</time></trkpt><trkpt lat="36.002694" lon="53.298950"><ele>2559.246</ele><time>2020-06-17T11:20:52Z</time></trkpt><trkpt lat="36.002695" lon="53.299050"><ele>2559.653</ele><time>2020-06-17T11:20:54Z</time></trkpt><trkpt lat="36.002698" lon="53.299110"><ele>2559.629</ele><time>2020-06-17T11:20:55Z</time></trkpt><trkpt lat="36.002704" lon="53.299172"><ele>2559.913</ele><time>2020-06-17T11:20:56Z</time></trkpt><trkpt lat="36.002715" lon="53.299229"><ele>2560.120</ele><time>2020-06-17T11:20:57Z</time></trkpt><trkpt lat="36.002729" lon="53.299286"><ele>2560.541</ele><time>2020-06-17T11:20:58Z</time></trkpt><trkpt lat="36.002745" lon="53.299341"><ele>2560.994</ele><time>2020-06-17T11:20:59Z</time></trkpt><trkpt lat="36.002783" lon="53.299437"><ele>2561.827</ele><time>2020-06-17T11:21:01Z</time></trkpt><trkpt lat="36.002831" lon="53.299516"><ele>2562.886</ele><time>2020-06-17T11:21:03Z</time></trkpt><trkpt lat="36.002877" lon="53.299580"><ele>2563.260</ele><time>2020-06-17T11:21:05Z</time></trkpt><trkpt lat="36.002912" lon="53.299635"><ele>2563.826</ele><time>2020-06-17T11:21:08Z</time></trkpt><trkpt lat="36.002968" lon="53.299635"><ele>2564.308</ele><time>2020-06-17T11:21:12Z</time></trkpt><trkpt lat="36.002988" lon="53.299583"><ele>2564.993</ele><time>2020-06-17T11:21:16Z</time></trkpt><trkpt lat="36.002974" lon="53.299523"><ele>2565.140</ele><time>2020-06-17T11:21:25Z</time></trkpt><trkpt lat="36.002967" lon="53.299445"><ele>2565.866</ele><time>2020-06-17T11:21:28Z</time></trkpt><trkpt lat="36.002960" lon="53.299384"><ele>2566.480</ele><time>2020-06-17T11:21:30Z</time></trkpt><trkpt lat="36.002957" lon="53.299313"><ele>2567.027</ele><time>2020-06-17T11:21:32Z</time></trkpt><trkpt lat="36.002958" lon="53.299241"><ele>2567.648</ele><time>2020-06-17T11:21:34Z</time></trkpt><trkpt lat="36.002964" lon="53.299173"><ele>2568.231</ele><time>2020-06-17T11:21:36Z</time></trkpt><trkpt lat="36.002972" lon="53.299109"><ele>2569.074</ele><time>2020-06-17T11:21:38Z</time></trkpt><trkpt lat="36.002987" lon="53.299042"><ele>2569.837</ele><time>2020-06-17T11:21:40Z</time></trkpt><trkpt lat="36.003005" lon="53.298979"><ele>2570.449</ele><time>2020-06-17T11:21:42Z</time></trkpt><trkpt lat="36.003019" lon="53.298923"><ele>2570.813</ele><time>2020-06-17T11:21:44Z</time></trkpt><trkpt lat="36.003026" lon="53.298847"><ele>2571.208</ele><time>2020-06-17T11:21:47Z</time></trkpt><trkpt lat="36.003034" lon="53.298786"><ele>2571.598</ele><time>2020-06-17T11:21:49Z</time></trkpt><trkpt lat="36.003053" lon="53.298731"><ele>2571.725</ele><time>2020-06-17T11:21:51Z</time></trkpt><trkpt lat="36.003069" lon="53.298679"><ele>2572.131</ele><time>2020-06-17T11:21:53Z</time></trkpt><trkpt lat="36.003091" lon="53.298619"><ele>2572.885</ele><time>2020-06-17T11:21:56Z</time></trkpt><trkpt lat="36.003117" lon="53.298570"><ele>2573.522</ele><time>2020-06-17T11:21:59Z</time></trkpt><trkpt lat="36.003141" lon="53.298514"><ele>2574.443</ele><time>2020-06-17T11:22:02Z</time></trkpt><trkpt lat="36.003158" lon="53.298452"><ele>2575.726</ele><time>2020-06-17T11:22:05Z</time></trkpt><trkpt lat="36.003157" lon="53.298375"><ele>2576.759</ele><time>2020-06-17T11:22:08Z</time></trkpt><trkpt lat="36.003119" lon="53.298324"><ele>2577.433</ele><time>2020-06-17T11:22:11Z</time></trkpt><trkpt lat="36.003061" lon="53.298295"><ele>2578.223</ele><time>2020-06-17T11:22:14Z</time></trkpt><trkpt lat="36.003016" lon="53.298264"><ele>2578.815</ele><time>2020-06-17T11:22:17Z</time></trkpt><trkpt lat="36.002983" lon="53.298218"><ele>2579.808</ele><time>2020-06-17T11:22:20Z</time></trkpt><trkpt lat="36.002998" lon="53.298163"><ele>2580.768</ele><time>2020-06-17T11:22:23Z</time></trkpt><trkpt lat="36.003045" lon="53.298126"><ele>2581.525</ele><time>2020-06-17T11:22:26Z</time></trkpt><trkpt lat="36.003106" lon="53.298104"><ele>2582.411</ele><time>2020-06-17T11:22:29Z</time></trkpt><trkpt lat="36.003149" lon="53.298087"><ele>2583.155</ele><time>2020-06-17T11:22:31Z</time></trkpt><trkpt lat="36.003208" lon="53.298065"><ele>2584.282</ele><time>2020-06-17T11:22:34Z</time></trkpt><trkpt lat="36.003262" lon="53.298067"><ele>2584.983</ele><time>2020-06-17T11:22:36Z</time></trkpt><trkpt lat="36.003315" lon="53.298086"><ele>2585.516</ele><time>2020-06-17T11:22:38Z</time></trkpt><trkpt lat="36.003371" lon="53.298111"><ele>2586.099</ele><time>2020-06-17T11:22:40Z</time></trkpt><trkpt lat="36.003424" lon="53.298110"><ele>2586.265</ele><time>2020-06-17T11:22:42Z</time></trkpt><trkpt lat="36.003460" lon="53.298074"><ele>2586.568</ele><time>2020-06-17T11:22:44Z</time></trkpt><trkpt lat="36.003467" lon="53.298018"><ele>2586.814</ele><time>2020-06-17T11:22:46Z</time></trkpt><trkpt lat="36.003444" lon="53.297963"><ele>2587.208</ele><time>2020-06-17T11:22:48Z</time></trkpt><trkpt lat="36.003402" lon="53.297919"><ele>2587.841</ele><time>2020-06-17T11:22:50Z</time></trkpt><trkpt lat="36.003352" lon="53.297895"><ele>2588.598</ele><time>2020-06-17T11:22:52Z</time></trkpt><trkpt lat="36.003305" lon="53.297889"><ele>2589.344</ele><time>2020-06-17T11:22:54Z</time></trkpt><trkpt lat="36.003244" lon="53.297883"><ele>2590.598</ele><time>2020-06-17T11:22:57Z</time></trkpt><trkpt lat="36.003209" lon="53.297827"><ele>2591.625</ele><time>2020-06-17T11:23:00Z</time></trkpt><trkpt lat="36.003236" lon="53.297765"><ele>2592.896</ele><time>2020-06-17T11:23:03Z</time></trkpt><trkpt lat="36.003280" lon="53.297745"><ele>2593.659</ele><time>2020-06-17T11:23:05Z</time></trkpt><trkpt lat="36.003343" lon="53.297746"><ele>2594.322</ele><time>2020-06-17T11:23:07Z</time></trkpt><trkpt lat="36.003411" lon="53.297756"><ele>2594.721</ele><time>2020-06-17T11:23:09Z</time></trkpt><trkpt lat="36.003470" lon="53.297776"><ele>2595.541</ele><time>2020-06-17T11:23:11Z</time></trkpt><trkpt lat="36.003524" lon="53.297817"><ele>2596.205</ele><time>2020-06-17T11:23:13Z</time></trkpt><trkpt lat="36.003577" lon="53.297858"><ele>2596.708</ele><time>2020-06-17T11:23:15Z</time></trkpt><trkpt lat="36.003632" lon="53.297878"><ele>2597.047</ele><time>2020-06-17T11:23:17Z</time></trkpt><trkpt lat="36.003684" lon="53.297864"><ele>2597.194</ele><time>2020-06-17T11:23:19Z</time></trkpt><trkpt lat="36.003728" lon="53.297814"><ele>2597.280</ele><time>2020-06-17T11:23:21Z</time></trkpt><trkpt lat="36.003769" lon="53.297754"><ele>2597.344</ele><time>2020-06-17T11:23:23Z</time></trkpt><trkpt lat="36.003806" lon="53.297698"><ele>2597.411</ele><time>2020-06-17T11:23:25Z</time></trkpt><trkpt lat="36.003831" lon="53.297642"><ele>2597.712</ele><time>2020-06-17T11:23:27Z</time></trkpt><trkpt lat="36.003852" lon="53.297574"><ele>2598.135</ele><time>2020-06-17T11:23:29Z</time></trkpt><trkpt lat="36.003875" lon="53.297503"><ele>2598.898</ele><time>2020-06-17T11:23:31Z</time></trkpt><trkpt lat="36.003897" lon="53.297439"><ele>2599.537</ele><time>2020-06-17T11:23:33Z</time></trkpt><trkpt lat="36.003930" lon="53.297351"><ele>2599.849</ele><time>2020-06-17T11:23:35Z</time></trkpt><trkpt lat="36.003953" lon="53.297296"><ele>2600.013</ele><time>2020-06-17T11:23:36Z</time></trkpt><trkpt lat="36.003978" lon="53.297233"><ele>2600.208</ele><time>2020-06-17T11:23:37Z</time></trkpt><trkpt lat="36.004016" lon="53.297140"><ele>2600.518</ele><time>2020-06-17T11:23:38Z</time></trkpt><trkpt lat="36.004034" lon="53.297064"><ele>2600.835</ele><time>2020-06-17T11:23:39Z</time></trkpt><trkpt lat="36.004049" lon="53.296997"><ele>2601.241</ele><time>2020-06-17T11:23:40Z</time></trkpt><trkpt lat="36.004065" lon="53.296927"><ele>2601.665</ele><time>2020-06-17T11:23:41Z</time></trkpt><trkpt lat="36.004082" lon="53.296863"><ele>2602.122</ele><time>2020-06-17T11:23:42Z</time></trkpt><trkpt lat="36.004103" lon="53.296798"><ele>2602.753</ele><time>2020-06-17T11:23:43Z</time></trkpt><trkpt lat="36.004132" lon="53.296739"><ele>2603.316</ele><time>2020-06-17T11:23:44Z</time></trkpt><trkpt lat="36.004168" lon="53.296686"><ele>2603.949</ele><time>2020-06-17T11:23:45Z</time></trkpt><trkpt lat="36.004207" lon="53.296649"><ele>2604.627</ele><time>2020-06-17T11:23:46Z</time></trkpt><trkpt lat="36.004242" lon="53.296593"><ele>2605.268</ele><time>2020-06-17T11:23:47Z</time></trkpt><trkpt lat="36.004292" lon="53.296581"><ele>2605.814</ele><time>2020-06-17T11:23:48Z</time></trkpt><trkpt lat="36.004344" lon="53.296581"><ele>2606.508</ele><time>2020-06-17T11:23:49Z</time></trkpt><trkpt lat="36.004439" lon="53.296565"><ele>2607.827</ele><time>2020-06-17T11:23:51Z</time></trkpt><trkpt lat="36.004489" lon="53.296563"><ele>2608.494</ele><time>2020-06-17T11:23:52Z</time></trkpt><trkpt lat="36.004534" lon="53.296579"><ele>2609.050</ele><time>2020-06-17T11:23:53Z</time></trkpt><trkpt lat="36.004614" lon="53.296590"><ele>2610.244</ele><time>2020-06-17T11:23:55Z</time></trkpt><trkpt lat="36.004682" lon="53.296588"><ele>2611.551</ele><time>2020-06-17T11:23:57Z</time></trkpt><trkpt lat="36.004732" lon="53.296592"><ele>2612.112</ele><time>2020-06-17T11:23:58Z</time></trkpt><trkpt lat="36.004808" lon="53.296618"><ele>2613.145</ele><time>2020-06-17T11:24:00Z</time></trkpt><trkpt lat="36.004853" lon="53.296652"><ele>2613.458</ele><time>2020-06-17T11:24:02Z</time></trkpt><trkpt lat="36.004909" lon="53.296678"><ele>2613.717</ele><time>2020-06-17T11:24:04Z</time></trkpt><trkpt lat="36.004970" lon="53.296693"><ele>2613.987</ele><time>2020-06-17T11:24:07Z</time></trkpt><trkpt lat="36.005025" lon="53.296674"><ele>2614.515</ele><time>2020-06-17T11:24:10Z</time></trkpt><trkpt lat="36.005070" lon="53.296646"><ele>2615.208</ele><time>2020-06-17T11:24:12Z</time></trkpt><trkpt lat="36.005117" lon="53.296613"><ele>2615.986</ele><time>2020-06-17T11:24:14Z</time></trkpt><trkpt lat="36.005170" lon="53.296564"><ele>2616.773</ele><time>2020-06-17T11:24:16Z</time></trkpt><trkpt lat="36.005224" lon="53.296511"><ele>2617.579</ele><time>2020-06-17T11:24:18Z</time></trkpt><trkpt lat="36.005267" lon="53.296454"><ele>2618.423</ele><time>2020-06-17T11:24:20Z</time></trkpt><trkpt lat="36.005317" lon="53.296397"><ele>2619.450</ele><time>2020-06-17T11:24:22Z</time></trkpt><trkpt lat="36.005374" lon="53.296349"><ele>2620.471</ele><time>2020-06-17T11:24:24Z</time></trkpt><trkpt lat="36.005448" lon="53.296295"><ele>2621.424</ele><time>2020-06-17T11:24:26Z</time></trkpt><trkpt lat="36.005510" lon="53.296253"><ele>2621.987</ele><time>2020-06-17T11:24:28Z</time></trkpt><trkpt lat="36.005575" lon="53.296207"><ele>2622.849</ele><time>2020-06-17T11:24:30Z</time></trkpt><trkpt lat="36.005637" lon="53.296187"><ele>2623.202</ele><time>2020-06-17T11:24:31Z</time></trkpt><trkpt lat="36.005682" lon="53.296153"><ele>2623.722</ele><time>2020-06-17T11:24:32Z</time></trkpt><trkpt lat="36.005755" lon="53.296089"><ele>2624.608</ele><time>2020-06-17T11:24:34Z</time></trkpt><trkpt lat="36.005816" lon="53.296059"><ele>2625.119</ele><time>2020-06-17T11:24:35Z</time></trkpt><trkpt lat="36.005860" lon="53.296022"><ele>2625.646</ele><time>2020-06-17T11:24:36Z</time></trkpt><trkpt lat="36.005902" lon="53.295971"><ele>2626.112</ele><time>2020-06-17T11:24:37Z</time></trkpt><trkpt lat="36.005943" lon="53.295923"><ele>2626.726</ele><time>2020-06-17T11:24:38Z</time></trkpt><trkpt lat="36.005985" lon="53.295876"><ele>2627.323</ele><time>2020-06-17T11:24:39Z</time></trkpt><trkpt lat="36.005990" lon="53.295817"><ele>2627.964</ele><time>2020-06-17T11:24:40Z</time></trkpt><trkpt lat="36.006047" lon="53.295732"><ele>2629.237</ele><time>2020-06-17T11:24:42Z</time></trkpt><trkpt lat="36.006073" lon="53.295638"><ele>2630.250</ele><time>2020-06-17T11:24:44Z</time></trkpt><trkpt lat="36.006115" lon="53.295560"><ele>2631.015</ele><time>2020-06-17T11:24:46Z</time></trkpt><trkpt lat="36.006165" lon="53.295468"><ele>2631.765</ele><time>2020-06-17T11:24:48Z</time></trkpt><trkpt lat="36.006213" lon="53.295395"><ele>2632.611</ele><time>2020-06-17T11:24:50Z</time></trkpt><trkpt lat="36.006276" lon="53.295310"><ele>2633.508</ele><time>2020-06-17T11:24:52Z</time></trkpt><trkpt lat="36.006323" lon="53.295238"><ele>2633.916</ele><time>2020-06-17T11:24:54Z</time></trkpt><trkpt lat="36.006369" lon="53.295281"><ele>2634.373</ele><time>2020-06-17T11:24:55Z</time></trkpt><trkpt lat="36.006415" lon="53.295272"><ele>2634.779</ele><time>2020-06-17T11:24:56Z</time></trkpt><trkpt lat="36.006517" lon="53.295240"><ele>2635.513</ele><time>2020-06-17T11:24:58Z</time></trkpt><trkpt lat="36.006562" lon="53.295248"><ele>2636.040</ele><time>2020-06-17T11:24:59Z</time></trkpt><trkpt lat="36.006620" lon="53.295251"><ele>2636.621</ele><time>2020-06-17T11:25:00Z</time></trkpt><trkpt lat="36.006679" lon="53.295255"><ele>2637.364</ele><time>2020-06-17T11:25:01Z</time></trkpt><trkpt lat="36.006744" lon="53.295285"><ele>2638.077</ele><time>2020-06-17T11:25:02Z</time></trkpt><trkpt lat="36.006802" lon="53.295299"><ele>2638.729</ele><time>2020-06-17T11:25:03Z</time></trkpt><trkpt lat="36.006853" lon="53.295324"><ele>2639.300</ele><time>2020-06-17T11:25:04Z</time></trkpt><trkpt lat="36.006900" lon="53.295356"><ele>2639.920</ele><time>2020-06-17T11:25:05Z</time></trkpt><trkpt lat="36.006948" lon="53.295405"><ele>2640.308</ele><time>2020-06-17T11:25:06Z</time></trkpt><trkpt lat="36.007015" lon="53.295441"><ele>2640.957</ele><time>2020-06-17T11:25:07Z</time></trkpt><trkpt lat="36.007073" lon="53.295479"><ele>2641.494</ele><time>2020-06-17T11:25:08Z</time></trkpt><trkpt lat="36.007120" lon="53.295518"><ele>2642.030</ele><time>2020-06-17T11:25:09Z</time></trkpt><trkpt lat="36.007166" lon="53.295529"><ele>2642.434</ele><time>2020-06-17T11:25:10Z</time></trkpt><trkpt lat="36.007233" lon="53.295588"><ele>2643.091</ele><time>2020-06-17T11:25:12Z</time></trkpt><trkpt lat="36.007277" lon="53.295617"><ele>2643.182</ele><time>2020-06-17T11:25:13Z</time></trkpt><trkpt lat="36.007331" lon="53.295647"><ele>2643.185</ele><time>2020-06-17T11:25:14Z</time></trkpt><trkpt lat="36.007393" lon="53.295676"><ele>2643.248</ele><time>2020-06-17T11:25:15Z</time></trkpt><trkpt lat="36.007452" lon="53.295703"><ele>2643.285</ele><time>2020-06-17T11:25:16Z</time></trkpt><trkpt lat="36.007521" lon="53.295691"><ele>2642.989</ele><time>2020-06-17T11:25:18Z</time></trkpt><trkpt lat="36.007563" lon="53.295719"><ele>2642.817</ele><time>2020-06-17T11:25:19Z</time></trkpt><trkpt lat="36.007630" lon="53.295764"><ele>2642.808</ele><time>2020-06-17T11:25:20Z</time></trkpt><trkpt lat="36.007690" lon="53.295803"><ele>2642.523</ele><time>2020-06-17T11:25:21Z</time></trkpt><trkpt lat="36.007744" lon="53.295827"><ele>2642.240</ele><time>2020-06-17T11:25:22Z</time></trkpt><trkpt lat="36.007806" lon="53.295865"><ele>2641.886</ele><time>2020-06-17T11:25:23Z</time></trkpt><trkpt lat="36.007903" lon="53.295924"><ele>2640.930</ele><time>2020-06-17T11:25:25Z</time></trkpt><trkpt lat="36.007962" lon="53.295959"><ele>2640.537</ele><time>2020-06-17T11:25:26Z</time></trkpt><trkpt lat="36.008016" lon="53.295994"><ele>2640.198</ele><time>2020-06-17T11:25:27Z</time></trkpt><trkpt lat="36.008105" lon="53.296032"><ele>2639.671</ele><time>2020-06-17T11:25:29Z</time></trkpt><trkpt lat="36.008160" lon="53.296056"><ele>2639.354</ele><time>2020-06-17T11:25:30Z</time></trkpt><trkpt lat="36.008197" lon="53.296088"><ele>2639.015</ele><time>2020-06-17T11:25:31Z</time></trkpt><trkpt lat="36.008248" lon="53.296125"><ele>2638.765</ele><time>2020-06-17T11:25:32Z</time></trkpt><trkpt lat="36.008340" lon="53.296183"><ele>2638.211</ele><time>2020-06-17T11:25:34Z</time></trkpt><trkpt lat="36.008383" lon="53.296214"><ele>2638.108</ele><time>2020-06-17T11:25:35Z</time></trkpt><trkpt lat="36.008431" lon="53.296238"><ele>2638.116</ele><time>2020-06-17T11:25:36Z</time></trkpt><trkpt lat="36.008479" lon="53.296284"><ele>2638.143</ele><time>2020-06-17T11:25:37Z</time></trkpt><trkpt lat="36.008531" lon="53.296294"><ele>2638.099</ele><time>2020-06-17T11:25:38Z</time></trkpt><trkpt lat="36.008593" lon="53.296347"><ele>2637.813</ele><time>2020-06-17T11:25:39Z</time></trkpt><trkpt lat="36.008641" lon="53.296371"><ele>2637.670</ele><time>2020-06-17T11:25:40Z</time></trkpt><trkpt lat="36.008675" lon="53.296409"><ele>2637.351</ele><time>2020-06-17T11:25:41Z</time></trkpt><trkpt lat="36.008716" lon="53.296455"><ele>2637.074</ele><time>2020-06-17T11:25:42Z</time></trkpt><trkpt lat="36.008764" lon="53.296464"><ele>2636.857</ele><time>2020-06-17T11:25:43Z</time></trkpt><trkpt lat="36.008857" lon="53.296524"><ele>2636.418</ele><time>2020-06-17T11:25:45Z</time></trkpt><trkpt lat="36.008899" lon="53.296576"><ele>2636.498</ele><time>2020-06-17T11:25:46Z</time></trkpt><trkpt lat="36.008949" lon="53.296596"><ele>2636.017</ele><time>2020-06-17T11:25:48Z</time></trkpt><trkpt lat="36.008993" lon="53.296611"><ele>2635.808</ele><time>2020-06-17T11:25:49Z</time></trkpt><trkpt lat="36.009107" lon="53.296651"><ele>2635.766</ele><time>2020-06-17T11:25:51Z</time></trkpt><trkpt lat="36.009168" lon="53.296673"><ele>2635.743</ele><time>2020-06-17T11:25:52Z</time></trkpt><trkpt lat="36.009214" lon="53.296677"><ele>2635.739</ele><time>2020-06-17T11:25:53Z</time></trkpt><trkpt lat="36.009274" lon="53.296695"><ele>2635.673</ele><time>2020-06-17T11:25:54Z</time></trkpt><trkpt lat="36.009323" lon="53.296726"><ele>2635.480</ele><time>2020-06-17T11:25:55Z</time></trkpt><trkpt lat="36.009375" lon="53.296740"><ele>2635.221</ele><time>2020-06-17T11:25:56Z</time></trkpt><trkpt lat="36.009425" lon="53.296715"><ele>2635.014</ele><time>2020-06-17T11:25:57Z</time></trkpt><trkpt lat="36.009474" lon="53.296742"><ele>2634.797</ele><time>2020-06-17T11:25:59Z</time></trkpt><trkpt lat="36.009524" lon="53.296757"><ele>2634.574</ele><time>2020-06-17T11:26:00Z</time></trkpt><trkpt lat="36.009572" lon="53.296734"><ele>2634.056</ele><time>2020-06-17T11:26:02Z</time></trkpt><trkpt lat="36.009628" lon="53.296734"><ele>2633.221</ele><time>2020-06-17T11:26:05Z</time></trkpt><trkpt lat="36.009627" lon="53.296677"><ele>2632.908</ele><time>2020-06-17T11:26:06Z</time></trkpt><trkpt lat="36.009671" lon="53.296609"><ele>2631.822</ele><time>2020-06-17T11:26:10Z</time></trkpt><trkpt lat="36.009689" lon="53.296539"><ele>2631.479</ele><time>2020-06-17T11:26:12Z</time></trkpt><trkpt lat="36.009712" lon="53.296479"><ele>2630.255</ele><time>2020-06-17T11:26:15Z</time></trkpt><trkpt lat="36.009757" lon="53.296448"><ele>2629.159</ele><time>2020-06-17T11:26:18Z</time></trkpt><trkpt lat="36.009802" lon="53.296431"><ele>2628.466</ele><time>2020-06-17T11:26:20Z</time></trkpt><trkpt lat="36.009844" lon="53.296396"><ele>2627.777</ele><time>2020-06-17T11:26:22Z</time></trkpt><trkpt lat="36.009890" lon="53.296341"><ele>2626.860</ele><time>2020-06-17T11:26:24Z</time></trkpt><trkpt lat="36.009938" lon="53.296296"><ele>2625.833</ele><time>2020-06-17T11:26:26Z</time></trkpt><trkpt lat="36.009984" lon="53.296269"><ele>2624.877</ele><time>2020-06-17T11:26:29Z</time></trkpt><trkpt lat="36.010039" lon="53.296247"><ele>2624.361</ele><time>2020-06-17T11:26:32Z</time></trkpt><trkpt lat="36.010107" lon="53.296225"><ele>2624.027</ele><time>2020-06-17T11:26:35Z</time></trkpt><trkpt lat="36.010157" lon="53.296222"><ele>2623.908</ele><time>2020-06-17T11:26:37Z</time></trkpt><trkpt lat="36.010212" lon="53.296244"><ele>2623.812</ele><time>2020-06-17T11:26:39Z</time></trkpt><trkpt lat="36.010256" lon="53.296273"><ele>2623.799</ele><time>2020-06-17T11:26:41Z</time></trkpt><trkpt lat="36.010309" lon="53.296310"><ele>2623.235</ele><time>2020-06-17T11:26:44Z</time></trkpt><trkpt lat="36.010357" lon="53.296348"><ele>2622.599</ele><time>2020-06-17T11:26:48Z</time></trkpt><trkpt lat="36.010402" lon="53.296377"><ele>2622.486</ele><time>2020-06-17T11:26:50Z</time></trkpt><trkpt lat="36.010448" lon="53.296406"><ele>2622.337</ele><time>2020-06-17T11:26:52Z</time></trkpt><trkpt lat="36.010511" lon="53.296440"><ele>2622.150</ele><time>2020-06-17T11:26:54Z</time></trkpt><trkpt lat="36.010569" lon="53.296471"><ele>2621.953</ele><time>2020-06-17T11:26:56Z</time></trkpt><trkpt lat="36.010624" lon="53.296511"><ele>2621.794</ele><time>2020-06-17T11:26:58Z</time></trkpt><trkpt lat="36.010679" lon="53.296560"><ele>2621.757</ele><time>2020-06-17T11:27:00Z</time></trkpt><trkpt lat="36.010750" lon="53.296621"><ele>2621.722</ele><time>2020-06-17T11:27:02Z</time></trkpt><trkpt lat="36.010826" lon="53.296653"><ele>2621.808</ele><time>2020-06-17T11:27:04Z</time></trkpt><trkpt lat="36.010909" lon="53.296671"><ele>2621.834</ele><time>2020-06-17T11:27:06Z</time></trkpt><trkpt lat="36.010991" lon="53.296694"><ele>2621.981</ele><time>2020-06-17T11:27:08Z</time></trkpt><trkpt lat="36.011045" lon="53.296709"><ele>2621.967</ele><time>2020-06-17T11:27:09Z</time></trkpt><trkpt lat="36.011092" lon="53.296720"><ele>2621.851</ele><time>2020-06-17T11:27:10Z</time></trkpt><trkpt lat="36.011148" lon="53.296740"><ele>2621.748</ele><time>2020-06-17T11:27:11Z</time></trkpt><trkpt lat="36.011203" lon="53.296767"><ele>2621.559</ele><time>2020-06-17T11:27:12Z</time></trkpt><trkpt lat="36.011244" lon="53.296794"><ele>2621.292</ele><time>2020-06-17T11:27:13Z</time></trkpt><trkpt lat="36.011302" lon="53.296844"><ele>2620.695</ele><time>2020-06-17T11:27:15Z</time></trkpt><trkpt lat="36.011323" lon="53.296916"><ele>2619.913</ele><time>2020-06-17T11:27:17Z</time></trkpt><trkpt lat="36.011360" lon="53.297005"><ele>2619.543</ele><time>2020-06-17T11:27:19Z</time></trkpt><trkpt lat="36.011363" lon="53.297061"><ele>2619.507</ele><time>2020-06-17T11:27:20Z</time></trkpt><trkpt lat="36.011383" lon="53.297137"><ele>2620.108</ele><time>2020-06-17T11:27:22Z</time></trkpt><trkpt lat="36.011417" lon="53.297228"><ele>2620.816</ele><time>2020-06-17T11:27:24Z</time></trkpt><trkpt lat="36.011446" lon="53.297313"><ele>2621.583</ele><time>2020-06-17T11:27:26Z</time></trkpt><trkpt lat="36.011465" lon="53.297381"><ele>2622.219</ele><time>2020-06-17T11:27:28Z</time></trkpt><trkpt lat="36.011472" lon="53.297438"><ele>2622.873</ele><time>2020-06-17T11:27:30Z</time></trkpt><trkpt lat="36.011465" lon="53.297495"><ele>2623.140</ele><time>2020-06-17T11:27:34Z</time></trkpt><trkpt lat="36.011507" lon="53.297562"><ele>2623.241</ele><time>2020-06-17T11:27:37Z</time></trkpt><trkpt lat="36.011543" lon="53.297628"><ele>2623.514</ele><time>2020-06-17T11:27:39Z</time></trkpt><trkpt lat="36.011589" lon="53.297716"><ele>2623.717</ele><time>2020-06-17T11:27:41Z</time></trkpt><trkpt lat="36.011612" lon="53.297764"><ele>2623.884</ele><time>2020-06-17T11:27:42Z</time></trkpt><trkpt lat="36.011635" lon="53.297823"><ele>2624.007</ele><time>2020-06-17T11:27:43Z</time></trkpt><trkpt lat="36.011676" lon="53.297927"><ele>2624.517</ele><time>2020-06-17T11:27:45Z</time></trkpt><trkpt lat="36.011694" lon="53.297996"><ele>2624.808</ele><time>2020-06-17T11:27:46Z</time></trkpt><trkpt lat="36.011711" lon="53.298069"><ele>2625.163</ele><time>2020-06-17T11:27:47Z</time></trkpt><trkpt lat="36.011732" lon="53.298121"><ele>2625.440</ele><time>2020-06-17T11:27:48Z</time></trkpt><trkpt lat="36.011765" lon="53.298161"><ele>2625.876</ele><time>2020-06-17T11:27:49Z</time></trkpt><trkpt lat="36.011790" lon="53.298210"><ele>2626.240</ele><time>2020-06-17T11:27:50Z</time></trkpt><trkpt lat="36.011845" lon="53.298252"><ele>2627.147</ele><time>2020-06-17T11:27:52Z</time></trkpt><trkpt lat="36.011886" lon="53.298320"><ele>2627.678</ele><time>2020-06-17T11:27:54Z</time></trkpt><trkpt lat="36.011923" lon="53.298374"><ele>2627.591</ele><time>2020-06-17T11:27:56Z</time></trkpt><trkpt lat="36.011975" lon="53.298419"><ele>2627.384</ele><time>2020-06-17T11:27:58Z</time></trkpt><trkpt lat="36.012023" lon="53.298470"><ele>2626.859</ele><time>2020-06-17T11:28:00Z</time></trkpt><trkpt lat="36.012066" lon="53.298517"><ele>2626.203</ele><time>2020-06-17T11:28:02Z</time></trkpt><trkpt lat="36.012113" lon="53.298558"><ele>2625.523</ele><time>2020-06-17T11:28:04Z</time></trkpt><trkpt lat="36.012166" lon="53.298588"><ele>2624.708</ele><time>2020-06-17T11:28:06Z</time></trkpt><trkpt lat="36.012218" lon="53.298605"><ele>2624.190</ele><time>2020-06-17T11:28:08Z</time></trkpt><trkpt lat="36.012271" lon="53.298622"><ele>2623.597</ele><time>2020-06-17T11:28:10Z</time></trkpt><trkpt lat="36.012320" lon="53.298632"><ele>2622.663</ele><time>2020-06-17T11:28:14Z</time></trkpt><trkpt lat="36.012383" lon="53.298619"><ele>2622.287</ele><time>2020-06-17T11:28:20Z</time></trkpt><trkpt lat="36.012436" lon="53.298600"><ele>2622.014</ele><time>2020-06-17T11:28:22Z</time></trkpt><trkpt lat="36.012501" lon="53.298587"><ele>2621.845</ele><time>2020-06-17T11:28:24Z</time></trkpt><trkpt lat="36.012546" lon="53.298590"><ele>2621.598</ele><time>2020-06-17T11:28:25Z</time></trkpt><trkpt lat="36.012633" lon="53.298687"><ele>2620.761</ele><time>2020-06-17T11:28:27Z</time></trkpt><trkpt lat="36.012682" lon="53.298766"><ele>2620.033</ele><time>2020-06-17T11:28:29Z</time></trkpt><trkpt lat="36.012716" lon="53.298824"><ele>2619.723</ele><time>2020-06-17T11:28:30Z</time></trkpt><trkpt lat="36.012767" lon="53.298876"><ele>2619.515</ele><time>2020-06-17T11:28:31Z</time></trkpt><trkpt lat="36.012804" lon="53.298922"><ele>2619.308</ele><time>2020-06-17T11:28:32Z</time></trkpt><trkpt lat="36.012851" lon="53.299003"><ele>2618.928</ele><time>2020-06-17T11:28:34Z</time></trkpt><trkpt lat="36.012893" lon="53.299053"><ele>2618.775</ele><time>2020-06-17T11:28:35Z</time></trkpt><trkpt lat="36.012938" lon="53.299087"><ele>2618.421</ele><time>2020-06-17T11:28:36Z</time></trkpt><trkpt lat="36.012978" lon="53.299119"><ele>2618.195</ele><time>2020-06-17T11:28:37Z</time></trkpt><trkpt lat="36.013021" lon="53.299145"><ele>2617.792</ele><time>2020-06-17T11:28:38Z</time></trkpt><trkpt lat="36.013092" lon="53.299163"><ele>2617.023</ele><time>2020-06-17T11:28:40Z</time></trkpt><trkpt lat="36.013144" lon="53.299182"><ele>2616.346</ele><time>2020-06-17T11:28:42Z</time></trkpt><trkpt lat="36.013190" lon="53.299176"><ele>2614.729</ele><time>2020-06-17T11:28:47Z</time></trkpt><trkpt lat="36.013224" lon="53.299134"><ele>2614.324</ele><time>2020-06-17T11:29:12Z</time></trkpt><trkpt lat="36.013273" lon="53.299110"><ele>2614.004</ele><time>2020-06-17T11:29:15Z</time></trkpt><trkpt lat="36.013319" lon="53.299088"><ele>2613.814</ele><time>2020-06-17T11:29:17Z</time></trkpt><trkpt lat="36.013375" lon="53.299063"><ele>2613.308</ele><time>2020-06-17T11:29:19Z</time></trkpt><trkpt lat="36.013434" lon="53.299043"><ele>2612.637</ele><time>2020-06-17T11:29:21Z</time></trkpt><trkpt lat="36.013491" lon="53.299037"><ele>2611.744</ele><time>2020-06-17T11:29:23Z</time></trkpt><trkpt lat="36.013549" lon="53.299047"><ele>2610.820</ele><time>2020-06-17T11:29:25Z</time></trkpt><trkpt lat="36.013604" lon="53.299079"><ele>2609.714</ele><time>2020-06-17T11:29:28Z</time></trkpt><trkpt lat="36.013651" lon="53.299119"><ele>2608.821</ele><time>2020-06-17T11:29:31Z</time></trkpt><trkpt lat="36.013699" lon="53.299159"><ele>2608.052</ele><time>2020-06-17T11:29:34Z</time></trkpt><trkpt lat="36.013750" lon="53.299199"><ele>2607.055</ele><time>2020-06-17T11:29:38Z</time></trkpt><trkpt lat="36.013772" lon="53.299254"><ele>2606.428</ele><time>2020-06-17T11:29:43Z</time></trkpt><trkpt lat="36.013748" lon="53.299202"><ele>2606.152</ele><time>2020-06-17T11:29:49Z</time></trkpt><trkpt lat="36.013737" lon="53.299148"><ele>2606.353</ele><time>2020-06-17T11:29:52Z</time></trkpt><trkpt lat="36.013719" lon="53.299096"><ele>2607.308</ele><time>2020-06-17T11:30:39Z</time></trkpt><trkpt lat="36.013758" lon="53.299130"><ele>2607.508</ele><time>2020-06-17T11:30:57Z</time></trkpt><trkpt lat="36.013714" lon="53.299153"><ele>2607.960</ele><time>2020-06-17T11:33:19Z</time></trkpt><trkpt lat="36.013690" lon="53.299211"><ele>2607.627</ele><time>2020-06-17T11:33:22Z</time></trkpt><trkpt lat="36.013723" lon="53.299161"><ele>2606.873</ele><time>2020-06-17T11:33:38Z</time></trkpt><trkpt lat="36.013717" lon="53.299104"><ele>2607.497</ele><time>2020-06-17T11:33:48Z</time></trkpt><trkpt lat="36.013739" lon="53.299053"><ele>2608.134</ele><time>2020-06-17T11:33:53Z</time></trkpt><trkpt lat="36.013729" lon="53.299108"><ele>2607.975</ele><time>2020-06-17T11:34:14Z</time></trkpt><trkpt lat="36.013695" lon="53.299067"><ele>2607.828</ele><time>2020-06-17T11:35:26Z</time></trkpt><trkpt lat="36.013717" lon="53.299118"><ele>2608.381</ele><time>2020-06-17T11:35:54Z</time></trkpt><trkpt lat="36.013708" lon="53.299173"><ele>2607.365</ele><time>2020-06-17T11:36:10Z</time></trkpt><trkpt lat="36.013729" lon="53.299122"><ele>2607.968</ele><time>2020-06-17T11:36:43Z</time></trkpt><trkpt lat="36.013746" lon="53.299063"><ele>2608.714</ele><time>2020-06-17T11:37:13Z</time></trkpt><trkpt lat="36.013778" lon="53.299109"><ele>2609.108</ele><time>2020-06-17T11:37:37Z</time></trkpt><trkpt lat="36.013729" lon="53.299126"><ele>2608.471</ele><time>2020-06-17T11:39:35Z</time></trkpt><trkpt lat="36.013688" lon="53.299100"><ele>2608.998</ele><time>2020-06-17T11:41:44Z</time></trkpt><trkpt lat="36.013706" lon="53.299046"><ele>2609.034</ele><time>2020-06-17T11:41:55Z</time></trkpt><trkpt lat="36.013753" lon="53.299055"><ele>2609.038</ele><time>2020-06-17T11:42:58Z</time></trkpt><trkpt lat="36.013729" lon="53.299103"><ele>2608.615</ele><time>2020-06-17T11:43:07Z</time></trkpt><trkpt lat="36.013757" lon="53.299057"><ele>2608.796</ele><time>2020-06-17T11:44:48Z</time></trkpt><trkpt lat="36.013714" lon="53.299038"><ele>2608.969</ele><time>2020-06-17T11:45:14Z</time></trkpt><trkpt lat="36.013700" lon="53.299096"><ele>2608.852</ele><time>2020-06-17T11:45:20Z</time></trkpt><trkpt lat="36.013657" lon="53.299074"><ele>2609.356</ele><time>2020-06-17T11:45:35Z</time></trkpt><trkpt lat="36.013701" lon="53.299087"><ele>2610.059</ele><time>2020-06-17T11:46:29Z</time></trkpt><trkpt lat="36.013739" lon="53.299048"><ele>2609.614</ele><time>2020-06-17T11:46:43Z</time></trkpt><trkpt lat="36.013714" lon="53.299095"><ele>2609.208</ele><time>2020-06-17T11:48:48Z</time></trkpt><trkpt lat="36.013752" lon="53.299059"><ele>2609.080</ele><time>2020-06-17T11:49:05Z</time></trkpt><trkpt lat="36.013799" lon="53.299027"><ele>2609.087</ele><time>2020-06-17T11:49:10Z</time></trkpt><trkpt lat="36.013831" lon="53.298986"><ele>2609.433</ele><time>2020-06-17T11:49:14Z</time></trkpt><trkpt lat="36.013860" lon="53.298929"><ele>2610.347</ele><time>2020-06-17T11:49:18Z</time></trkpt><trkpt lat="36.013907" lon="53.298930"><ele>2611.734</ele><time>2020-06-17T11:49:25Z</time></trkpt><trkpt lat="36.013952" lon="53.298910"><ele>2613.475</ele><time>2020-06-17T11:49:35Z</time></trkpt><trkpt lat="36.013987" lon="53.298869"><ele>2615.388</ele><time>2020-06-17T11:49:43Z</time></trkpt><trkpt lat="36.014022" lon="53.298828"><ele>2616.851</ele><time>2020-06-17T11:49:50Z</time></trkpt><trkpt lat="36.014044" lon="53.298774"><ele>2619.424</ele><time>2020-06-17T11:50:03Z</time></trkpt><trkpt lat="36.014086" lon="53.298751"><ele>2621.904</ele><time>2020-06-17T11:50:19Z</time></trkpt><trkpt lat="36.014113" lon="53.298697"><ele>2623.514</ele><time>2020-06-17T11:50:34Z</time></trkpt><trkpt lat="36.014135" lon="53.298648"><ele>2626.108</ele><time>2020-06-17T11:50:45Z</time></trkpt><trkpt lat="36.014174" lon="53.298613"><ele>2629.137</ele><time>2020-06-17T11:51:00Z</time></trkpt><trkpt lat="36.014214" lon="53.298649"><ele>2630.564</ele><time>2020-06-17T11:52:03Z</time></trkpt><trkpt lat="36.014259" lon="53.298653"><ele>2633.460</ele><time>2020-06-17T11:52:22Z</time></trkpt><trkpt lat="36.014298" lon="53.298622"><ele>2635.784</ele><time>2020-06-17T11:52:39Z</time></trkpt><trkpt lat="36.014317" lon="53.298566"><ele>2638.021</ele><time>2020-06-17T11:52:55Z</time></trkpt><trkpt lat="36.014323" lon="53.298510"><ele>2640.282</ele><time>2020-06-17T11:53:06Z</time></trkpt><trkpt lat="36.014286" lon="53.298472"><ele>2640.315</ele><time>2020-06-17T11:53:54Z</time></trkpt><trkpt lat="36.014274" lon="53.298415"><ele>2642.118</ele><time>2020-06-17T11:54:08Z</time></trkpt><trkpt lat="36.014292" lon="53.298361"><ele>2645.311</ele><time>2020-06-17T11:54:30Z</time></trkpt><trkpt lat="36.014340" lon="53.298353"><ele>2645.921</ele><time>2020-06-17T11:54:42Z</time></trkpt><trkpt lat="36.014341" lon="53.298289"><ele>2648.903</ele><time>2020-06-17T11:55:06Z</time></trkpt><trkpt lat="36.014341" lon="53.298230"><ele>2650.308</ele><time>2020-06-17T11:55:27Z</time></trkpt><trkpt lat="36.014359" lon="53.298174"><ele>2652.676</ele><time>2020-06-17T11:55:42Z</time></trkpt><trkpt lat="36.014401" lon="53.298230"><ele>2654.663</ele><time>2020-06-17T11:56:05Z</time></trkpt><trkpt lat="36.014438" lon="53.298268"><ele>2655.679</ele><time>2020-06-17T11:56:26Z</time></trkpt><trkpt lat="36.014483" lon="53.298259"><ele>2656.853</ele><time>2020-06-17T11:56:33Z</time></trkpt><trkpt lat="36.014504" lon="53.298310"><ele>2658.890</ele><time>2020-06-17T11:56:47Z</time></trkpt><trkpt lat="36.014549" lon="53.298331"><ele>2660.451</ele><time>2020-06-17T11:56:58Z</time></trkpt><trkpt lat="36.014553" lon="53.298276"><ele>2661.864</ele><time>2020-06-17T11:57:25Z</time></trkpt><trkpt lat="36.014561" lon="53.298217"><ele>2662.337</ele><time>2020-06-17T11:57:31Z</time></trkpt><trkpt lat="36.014572" lon="53.298154"><ele>2662.624</ele><time>2020-06-17T11:57:35Z</time></trkpt><trkpt lat="36.014613" lon="53.298119"><ele>2663.604</ele><time>2020-06-17T11:57:44Z</time></trkpt><trkpt lat="36.014664" lon="53.298107"><ele>2664.914</ele><time>2020-06-17T11:57:53Z</time></trkpt><trkpt lat="36.014711" lon="53.298102"><ele>2665.708</ele><time>2020-06-17T11:57:59Z</time></trkpt><trkpt lat="36.014756" lon="53.298135"><ele>2667.157</ele><time>2020-06-17T11:58:20Z</time></trkpt><trkpt lat="36.014809" lon="53.298138"><ele>2667.594</ele><time>2020-06-17T11:59:56Z</time></trkpt><trkpt lat="36.014861" lon="53.298140"><ele>2667.550</ele><time>2020-06-17T12:00:01Z</time></trkpt><trkpt lat="36.014896" lon="53.298101"><ele>2667.584</ele><time>2020-06-17T12:00:12Z</time></trkpt><trkpt lat="36.014939" lon="53.298119"><ele>2667.781</ele><time>2020-06-17T12:00:16Z</time></trkpt><trkpt lat="36.014987" lon="53.298151"><ele>2667.982</ele><time>2020-06-17T12:00:22Z</time></trkpt><trkpt lat="36.015019" lon="53.298193"><ele>2668.865</ele><time>2020-06-17T12:00:32Z</time></trkpt><trkpt lat="36.015073" lon="53.298217"><ele>2668.988</ele><time>2020-06-17T12:00:36Z</time></trkpt><trkpt lat="36.015130" lon="53.298215"><ele>2669.225</ele><time>2020-06-17T12:00:40Z</time></trkpt><trkpt lat="36.015182" lon="53.298196"><ele>2669.226</ele><time>2020-06-17T12:00:44Z</time></trkpt><trkpt lat="36.015233" lon="53.298184"><ele>2669.308</ele><time>2020-06-17T12:00:49Z</time></trkpt><trkpt lat="36.015287" lon="53.298173"><ele>2669.408</ele><time>2020-06-17T12:00:53Z</time></trkpt><trkpt lat="36.015334" lon="53.298177"><ele>2669.447</ele><time>2020-06-17T12:00:57Z</time></trkpt><trkpt lat="36.015387" lon="53.298194"><ele>2669.574</ele><time>2020-06-17T12:01:02Z</time></trkpt><trkpt lat="36.015437" lon="53.298199"><ele>2669.630</ele><time>2020-06-17T12:01:06Z</time></trkpt><trkpt lat="36.015487" lon="53.298186"><ele>2669.144</ele><time>2020-06-17T12:01:12Z</time></trkpt><trkpt lat="36.015536" lon="53.298168"><ele>2668.951</ele><time>2020-06-17T12:01:16Z</time></trkpt><trkpt lat="36.015578" lon="53.298131"><ele>2668.742</ele><time>2020-06-17T12:01:21Z</time></trkpt><trkpt lat="36.015599" lon="53.298076"><ele>2668.245</ele><time>2020-06-17T12:01:25Z</time></trkpt><trkpt lat="36.015617" lon="53.298025"><ele>2667.718</ele><time>2020-06-17T12:01:29Z</time></trkpt><trkpt lat="36.015646" lon="53.297969"><ele>2667.498</ele><time>2020-06-17T12:01:34Z</time></trkpt><trkpt lat="36.015685" lon="53.297939"><ele>2667.015</ele><time>2020-06-17T12:01:39Z</time></trkpt><trkpt lat="36.015670" lon="53.298001"><ele>2667.126</ele><time>2020-06-17T12:02:12Z</time></trkpt><trkpt lat="36.015657" lon="53.298065"><ele>2666.908</ele><time>2020-06-17T12:02:20Z</time></trkpt><trkpt lat="36.015655" lon="53.298130"><ele>2667.354</ele><time>2020-06-17T12:02:25Z</time></trkpt><trkpt lat="36.015662" lon="53.298191"><ele>2667.581</ele><time>2020-06-17T12:02:31Z</time></trkpt><trkpt lat="36.015808" lon="53.298220"><ele>2666.347</ele><time>2020-06-17T12:06:11Z</time></trkpt></trkseg></trk></gpx>